year,month,rainfall_mm,temp_c,humidity_pct,soil_moisture,source
1924,1,17.61,1.8,58.24,0.2457,synthetic
1924,2,16.52,7.15,62.9,0.223,synthetic
1924,3,11.7,15.81,52.68,0.186,synthetic
1924,4,8.68,19.63,46.38,0.1831,synthetic
1924,5,12.91,28.46,50.46,0.1576,synthetic
1924,6,98.34,29.66,55.34,0.1573,synthetic
1924,7,169.99,28.16,74.25,0.4113,synthetic
1924,8,154.01,22.06,76.99,0.4556,synthetic
1924,9,119.43,13.41,84.11,0.3634,synthetic
1924,10,32.19,4.56,48.36,0.2059,synthetic
1924,11,10.07,2.27,54.42,0.191,synthetic
1924,12,4.83,-1.08,52.7,0.2317,synthetic
1925,1,16.8,-0.63,56.62,0.1884,synthetic
1925,2,13.74,8.42,60.15,0.2279,synthetic
1925,3,9.89,14.54,56.66,0.2293,synthetic
1925,4,6.66,22.22,49.47,0.1641,synthetic
1925,5,25.69,30.02,54.64,0.2301,synthetic
1925,6,73.23,29.03,56.81,0.2461,synthetic
1925,7,207.37,30.34,66.9,0.4247,synthetic
1925,8,200.94,22.05,80.46,0.3404,synthetic
1925,9,110.77,15.54,87.39,0.3845,synthetic
1925,10,21.51,6.75,59.58,0.2099,synthetic
1925,11,6.52,2.78,55.49,0.2291,synthetic
1925,12,7.54,-0.49,53.04,0.1561,synthetic
1926,1,16.55,2.4,55.03,0.193,synthetic
1926,2,9.08,6.87,53.29,0.1759,synthetic
1926,3,13.21,15.61,64.43,0.2052,synthetic
1926,4,8.72,22.39,45.41,0.1992,synthetic
1926,5,20.42,31.69,54.04,0.209,synthetic
1926,6,64.21,28.25,60.71,0.2226,synthetic
1926,7,268.14,26.63,87.01,0.3579,synthetic
1926,8,235.05,25.79,75.05,0.383,synthetic
1926,9,124.19,14.24,72.25,0.4021,synthetic
1926,10,18.85,8.21,50.4,0.2465,synthetic
1926,11,5.81,1.53,59.07,0.1631,synthetic
1926,12,10.8,1.96,46.96,0.2055,synthetic
1927,1,16.36,3.18,48.82,0.1604,synthetic
1927,2,21.29,7.95,56.25,0.2104,synthetic
1927,3,10.67,15.35,56.47,0.1786,synthetic
1927,4,13.22,23.21,49.04,0.2197,synthetic
1927,5,13.18,29.17,60.79,0.1754,synthetic
1927,6,86.92,30.62,59.11,0.2569,synthetic
1927,7,191.96,26.86,75.55,0.3755,synthetic
1927,8,189.74,23.01,81.38,0.4248,synthetic
1927,9,120.55,17.18,78.68,0.4816,synthetic
1927,10,36.57,6.21,49.65,0.2145,synthetic
1927,11,7.37,3.08,57.37,0.1978,synthetic
1927,12,7.04,-2.27,52.77,0.2257,synthetic
1928,1,16.12,0.14,55.87,0.2116,synthetic
1928,2,12.43,7.73,55.29,0.1657,synthetic
1928,3,15.75,15.84,60.42,0.2316,synthetic
1928,4,4.14,21.09,57.58,0.2154,synthetic
1928,5,23.61,33.77,57.85,0.2341,synthetic
1928,6,86.7,30.98,53.42,0.2228,synthetic
1928,7,153.2,27.64,77.57,0.4025,synthetic
1928,8,352.98,19.7,83.43,0.3516,synthetic
1928,9,100.18,16.63,80.32,0.3677,synthetic
1928,10,22.49,8.52,51.35,0.2065,synthetic
1928,11,8.13,1.03,65.72,0.219,synthetic
1928,12,2.91,0.28,51.69,0.2256,synthetic
1929,1,10.84,1.84,57.52,0.226,synthetic
1929,2,10.44,7.0,52.63,0.1804,synthetic
1929,3,22.65,15.61,48.7,0.2275,synthetic
1929,4,13.94,24.05,47.4,0.1855,synthetic
1929,5,28.87,26.93,57.22,0.2232,synthetic
1929,6,43.91,29.91,38.79,0.1693,synthetic
1929,7,191.44,26.12,88.16,0.3571,synthetic
1929,8,164.97,22.7,87.21,0.3569,synthetic
1929,9,168.85,15.02,75.09,0.4139,synthetic
1929,10,32.09,6.6,55.35,0.1884,synthetic
1929,11,8.32,3.0,62.93,0.1629,synthetic
1929,12,17.47,-2.93,54.24,0.2176,synthetic
1930,1,16.48,1.08,53.96,0.1852,synthetic
1930,2,14.29,8.77,56.79,0.1792,synthetic
1930,3,18.41,15.46,59.06,0.2189,synthetic
1930,4,5.68,21.66,58.74,0.2183,synthetic
1930,5,19.85,28.17,61.39,0.1823,synthetic
1930,6,77.45,29.7,53.91,0.233,synthetic
1930,7,270.67,29.21,86.53,0.4006,synthetic
1930,8,241.54,22.03,81.62,0.3961,synthetic
1930,9,124.07,15.89,75.91,0.4628,synthetic
1930,10,19.44,5.68,60.79,0.2237,synthetic
1930,11,9.75,2.95,54.94,0.1731,synthetic
1930,12,10.27,-1.02,59.88,0.1956,synthetic
1931,1,10.67,1.53,57.06,0.1831,synthetic
1931,2,12.82,7.87,56.22,0.1848,synthetic
1931,3,11.69,15.35,47.76,0.1578,synthetic
1931,4,5.99,22.18,56.55,0.2443,synthetic
1931,5,26.0,27.75,54.9,0.1699,synthetic
1931,6,64.58,29.57,56.61,0.1752,synthetic
1931,7,248.17,30.29,79.46,0.4121,synthetic
1931,8,242.1,21.9,81.12,0.4004,synthetic
1931,9,124.1,13.84,80.12,0.4149,synthetic
1931,10,45.24,8.94,65.77,0.177,synthetic
1931,11,10.44,2.28,65.95,0.1758,synthetic
1931,12,7.06,-0.9,44.38,0.1842,synthetic
1932,1,11.01,2.24,56.71,0.2563,synthetic
1932,2,23.99,6.63,50.51,0.2148,synthetic
1932,3,7.53,17.75,60.9,0.1859,synthetic
1932,4,3.2,24.53,54.43,0.2371,synthetic
1932,5,8.84,27.09,55.03,0.2014,synthetic
1932,6,54.76,30.93,49.66,0.1957,synthetic
1932,7,218.84,28.76,83.56,0.3663,synthetic
1932,8,90.3,24.42,81.66,0.3775,synthetic
1932,9,185.15,15.17,85.9,0.402,synthetic
1932,10,51.64,10.13,53.76,0.2291,synthetic
1932,11,9.81,4.06,50.18,0.2206,synthetic
1932,12,13.7,-2.64,49.08,0.1388,synthetic
1933,1,13.59,3.09,62.51,0.2022,synthetic
1933,2,28.26,5.43,46.48,0.1983,synthetic
1933,3,15.88,14.95,44.66,0.1973,synthetic
1933,4,4.35,23.5,56.83,0.1718,synthetic
1933,5,16.4,26.4,54.69,0.2287,synthetic
1933,6,42.57,30.76,52.35,0.1762,synthetic
1933,7,202.13,26.44,77.23,0.3641,synthetic
1933,8,329.09,22.55,76.5,0.4064,synthetic
1933,9,115.28,14.67,83.07,0.4227,synthetic
1933,10,24.43,6.64,53.62,0.1309,synthetic
1933,11,3.76,4.06,63.22,0.1925,synthetic
1933,12,12.02,0.47,70.39,0.2336,synthetic
1934,1,14.33,0.58,46.97,0.2061,synthetic
1934,2,13.23,5.37,51.77,0.1676,synthetic
1934,3,22.27,16.32,54.96,0.2444,synthetic
1934,4,8.22,21.21,62.62,0.2162,synthetic
1934,5,12.74,27.7,50.62,0.1585,synthetic
1934,6,86.07,32.86,48.01,0.2169,synthetic
1934,7,162.18,27.26,77.04,0.3741,synthetic
1934,8,198.31,21.25,81.35,0.3985,synthetic
1934,9,109.96,13.64,77.12,0.4227,synthetic
1934,10,35.26,6.03,55.5,0.2225,synthetic
1934,11,3.33,2.82,51.69,0.2171,synthetic
1934,12,7.33,-2.71,46.86,0.2014,synthetic
1935,1,16.36,0.65,58.19,0.1502,synthetic
1935,2,17.58,5.68,51.74,0.2014,synthetic
1935,3,9.78,14.42,60.03,0.1827,synthetic
1935,4,10.34,20.81,57.65,0.2432,synthetic
1935,5,2.7,26.8,57.89,0.1939,synthetic
1935,6,73.44,29.09,55.43,0.1953,synthetic
1935,7,295.83,28.37,81.69,0.3876,synthetic
1935,8,161.72,21.85,81.97,0.3874,synthetic
1935,9,132.17,18.11,84.36,0.3902,synthetic
1935,10,42.61,6.89,44.81,0.1698,synthetic
1935,11,2.76,1.48,55.09,0.2503,synthetic
1935,12,11.14,-0.33,59.15,0.1337,synthetic
1936,1,16.24,3.17,47.61,0.2343,synthetic
1936,2,20.13,6.88,58.16,0.2681,synthetic
1936,3,14.89,15.37,52.7,0.1745,synthetic
1936,4,10.32,21.22,55.36,0.1857,synthetic
1936,5,23.35,28.49,60.19,0.1847,synthetic
1936,6,58.86,28.53,52.78,0.2113,synthetic
1936,7,265.64,26.61,84.35,0.4407,synthetic
1936,8,223.22,25.32,76.13,0.3627,synthetic
1936,9,45.29,17.24,83.27,0.3983,synthetic
1936,10,32.94,5.81,67.23,0.2039,synthetic
1936,11,8.31,3.1,57.41,0.2067,synthetic
1936,12,7.23,0.71,64.41,0.2404,synthetic
1937,1,23.36,1.24,50.05,0.1962,synthetic
1937,2,18.35,9.14,46.54,0.2459,synthetic
1937,3,13.23,14.36,49.94,0.1504,synthetic
1937,4,10.3,22.61,48.55,0.1611,synthetic
1937,5,17.65,30.49,53.7,0.1549,synthetic
1937,6,59.41,29.59,41.52,0.1984,synthetic
1937,7,193.03,29.03,89.24,0.4338,synthetic
1937,8,176.65,20.84,92.87,0.4018,synthetic
1937,9,120.59,14.96,80.99,0.3957,synthetic
1937,10,23.98,6.68,54.84,0.1837,synthetic
1937,11,6.0,2.17,53.73,0.2451,synthetic
1937,12,0.72,1.64,61.23,0.1378,synthetic
1938,1,13.2,1.45,47.96,0.1767,synthetic
1938,2,11.0,10.13,59.68,0.2381,synthetic
1938,3,17.54,13.31,52.38,0.2147,synthetic
1938,4,4.58,23.57,53.8,0.1888,synthetic
1938,5,24.98,28.66,53.2,0.2348,synthetic
1938,6,40.41,30.92,57.97,0.1907,synthetic
1938,7,233.97,26.11,84.62,0.3945,synthetic
1938,8,159.32,24.07,76.48,0.3577,synthetic
1938,9,54.62,15.91,73.6,0.4526,synthetic
1938,10,8.14,10.04,56.06,0.1971,synthetic
1938,11,6.47,2.61,54.81,0.2331,synthetic
1938,12,10.4,0.23,53.18,0.1983,synthetic
1939,1,16.62,-0.56,48.26,0.2223,synthetic
1939,2,19.08,7.22,55.09,0.2104,synthetic
1939,3,11.36,13.83,55.98,0.1706,synthetic
1939,4,9.14,19.95,60.15,0.2142,synthetic
1939,5,21.79,29.46,63.33,0.2304,synthetic
1939,6,23.12,28.08,51.88,0.2008,synthetic
1939,7,248.05,26.9,80.93,0.3773,synthetic
1939,8,153.26,20.39,75.38,0.3594,synthetic
1939,9,79.01,16.58,75.25,0.479,synthetic
1939,10,35.18,7.78,50.71,0.221,synthetic
1939,11,6.39,2.19,67.8,0.1971,synthetic
1939,12,14.02,-1.05,54.83,0.2531,synthetic
1940,1,11.71,4.73,58.54,0.1831,synthetic
1940,2,21.98,8.96,58.11,0.1529,synthetic
1940,3,10.44,14.63,54.63,0.2186,synthetic
1940,4,8.5,20.5,56.9,0.2183,synthetic
1940,5,23.92,29.61,59.17,0.2138,synthetic
1940,6,63.4,27.51,57.15,0.2062,synthetic
1940,7,229.96,26.08,74.59,0.4316,synthetic
1940,8,192.3,23.52,80.14,0.4009,synthetic
1940,9,159.41,14.23,80.48,0.3861,synthetic
1940,10,25.44,7.04,56.11,0.1856,synthetic
1940,11,11.52,0.67,54.07,0.1868,synthetic
1940,12,15.06,0.29,60.16,0.1554,synthetic
1941,1,16.4,3.34,55.41,0.232,synthetic
1941,2,14.74,9.61,66.49,0.1891,synthetic
1941,3,11.82,17.18,62.9,0.1843,synthetic
1941,4,6.82,22.08,48.28,0.1724,synthetic
1941,5,12.97,26.84,54.83,0.207,synthetic
1941,6,100.27,28.5,59.92,0.1936,synthetic
1941,7,206.36,29.0,74.39,0.4115,synthetic
1941,8,206.36,23.24,81.45,0.4737,synthetic
1941,9,93.21,14.2,76.88,0.3833,synthetic
1941,10,23.31,9.28,62.1,0.1829,synthetic
1941,11,5.67,2.72,52.24,0.219,synthetic
1941,12,10.71,-2.27,62.74,0.2539,synthetic
1942,1,11.78,1.43,56.43,0.21,synthetic
1942,2,22.15,10.52,54.12,0.1761,synthetic
1942,3,7.24,13.9,54.83,0.2538,synthetic
1942,4,6.55,22.84,54.92,0.2357,synthetic
1942,5,37.69,27.19,52.55,0.2313,synthetic
1942,6,80.51,32.77,57.92,0.1892,synthetic
1942,7,253.41,29.65,84.1,0.4152,synthetic
1942,8,267.8,24.25,86.91,0.4195,synthetic
1942,9,112.98,15.22,86.03,0.3755,synthetic
1942,10,33.87,6.91,55.14,0.2384,synthetic
1942,11,8.54,2.08,48.2,0.2224,synthetic
1942,12,12.26,3.24,53.46,0.2066,synthetic
1943,1,16.31,4.38,54.52,0.2084,synthetic
1943,2,21.83,7.78,52.77,0.2058,synthetic
1943,3,19.26,13.46,55.66,0.179,synthetic
1943,4,11.35,20.22,52.21,0.2113,synthetic
1943,5,30.96,27.89,52.22,0.2564,synthetic
1943,6,32.06,26.7,57.2,0.1849,synthetic
1943,7,134.94,29.05,81.22,0.3831,synthetic
1943,8,107.62,23.81,83.25,0.397,synthetic
1943,9,197.56,13.39,72.37,0.3792,synthetic
1943,10,29.52,7.87,53.79,0.2106,synthetic
1943,11,4.5,4.18,54.59,0.2335,synthetic
1943,12,11.2,0.69,57.85,0.2134,synthetic
1944,1,18.37,4.0,55.98,0.2213,synthetic
1944,2,17.43,9.66,51.62,0.254,synthetic
1944,3,13.8,12.85,55.64,0.1796,synthetic
1944,4,10.35,21.52,52.77,0.1433,synthetic
1944,5,16.83,24.35,47.08,0.2228,synthetic
1944,6,82.88,30.64,50.17,0.1986,synthetic
1944,7,209.74,26.25,87.52,0.4263,synthetic
1944,8,179.92,22.54,81.04,0.3387,synthetic
1944,9,109.62,13.98,74.99,0.3916,synthetic
1944,10,48.88,8.46,52.14,0.2172,synthetic
1944,11,11.92,3.4,55.3,0.1806,synthetic
1944,12,12.44,0.59,59.48,0.2191,synthetic
1945,1,20.51,1.21,61.59,0.2059,synthetic
1945,2,31.07,6.47,63.68,0.2059,synthetic
1945,3,10.81,14.27,53.4,0.2127,synthetic
1945,4,9.46,21.64,54.88,0.2643,synthetic
1945,5,32.09,28.64,55.19,0.2036,synthetic
1945,6,78.96,28.47,53.71,0.1499,synthetic
1945,7,239.34,28.96,77.58,0.4472,synthetic
1945,8,111.34,20.3,81.12,0.4314,synthetic
1945,9,190.72,14.31,85.39,0.3988,synthetic
1945,10,28.19,8.83,58.26,0.1527,synthetic
1945,11,12.13,4.08,51.87,0.2119,synthetic
1945,12,11.73,0.39,52.25,0.1799,synthetic
1946,1,14.87,3.77,57.72,0.1889,synthetic
1946,2,22.86,3.23,60.74,0.1478,synthetic
1946,3,12.22,13.32,48.53,0.2348,synthetic
1946,4,6.69,23.02,54.77,0.2143,synthetic
1946,5,20.54,26.07,59.98,0.1852,synthetic
1946,6,29.59,29.36,62.5,0.2255,synthetic
1946,7,184.37,27.47,78.39,0.4623,synthetic
1946,8,221.07,23.15,85.15,0.4072,synthetic
1946,9,109.12,14.71,79.64,0.3989,synthetic
1946,10,37.64,7.58,58.66,0.1976,synthetic
1946,11,8.22,-0.99,59.58,0.2104,synthetic
1946,12,13.49,-4.34,65.44,0.1958,synthetic
1947,1,20.82,0.45,58.06,0.1684,synthetic
1947,2,14.07,10.37,54.05,0.2065,synthetic
1947,3,18.26,15.74,55.75,0.2109,synthetic
1947,4,14.73,22.41,56.01,0.2315,synthetic
1947,5,27.74,29.77,58.19,0.1657,synthetic
1947,6,102.16,28.28,56.51,0.1774,synthetic
1947,7,205.29,28.48,81.61,0.4127,synthetic
1947,8,305.14,23.18,78.78,0.4289,synthetic
1947,9,169.96,13.16,82.99,0.421,synthetic
1947,10,26.88,9.56,54.25,0.2038,synthetic
1947,11,7.52,2.03,49.52,0.1568,synthetic
1947,12,15.58,-1.27,50.04,0.1354,synthetic
1948,1,11.65,0.02,63.21,0.2303,synthetic
1948,2,13.66,10.88,59.91,0.1903,synthetic
1948,3,1.75,18.44,48.05,0.1506,synthetic
1948,4,10.86,26.16,61.92,0.2169,synthetic
1948,5,24.16,29.27,58.79,0.2084,synthetic
1948,6,67.37,29.91,51.23,0.1916,synthetic
1948,7,85.57,27.84,75.06,0.3669,synthetic
1948,8,207.28,24.59,84.59,0.3529,synthetic
1948,9,78.44,16.41,75.09,0.3933,synthetic
1948,10,35.78,6.05,55.53,0.16,synthetic
1948,11,6.32,2.49,47.04,0.2132,synthetic
1948,12,9.93,0.83,56.12,0.2409,synthetic
1949,1,15.66,1.37,55.61,0.2163,synthetic
1949,2,18.31,7.56,51.49,0.1801,synthetic
1949,3,7.13,17.62,48.78,0.1792,synthetic
1949,4,5.99,23.84,53.53,0.2374,synthetic
1949,5,15.29,28.41,50.82,0.2644,synthetic
1949,6,37.98,30.46,58.17,0.2124,synthetic
1949,7,196.38,27.8,80.22,0.3956,synthetic
1949,8,260.78,25.82,77.21,0.3589,synthetic
1949,9,116.29,18.87,75.98,0.4492,synthetic
1949,10,47.62,6.67,57.84,0.2489,synthetic
1949,11,6.94,1.7,52.09,0.1696,synthetic
1949,12,7.73,-1.84,55.17,0.1769,synthetic
1950,1,16.23,-0.32,56.65,0.225,synthetic
1950,2,5.44,8.06,61.14,0.1637,synthetic
1950,3,22.2,15.63,51.47,0.1983,synthetic
1950,4,9.56,22.61,57.69,0.1724,synthetic
1950,5,21.19,25.87,54.44,0.1729,synthetic
1950,6,48.27,31.85,60.46,0.2183,synthetic
1950,7,129.72,27.52,86.07,0.4043,synthetic
1950,8,353.29,23.09,80.96,0.3907,synthetic
1950,9,125.61,14.77,83.54,0.4287,synthetic
1950,10,21.75,5.5,45.82,0.2152,synthetic
1950,11,4.91,-1.22,56.94,0.2748,synthetic
1950,12,9.98,1.26,55.41,0.197,synthetic
1951,1,19.83,1.57,56.34,0.2097,synthetic
1951,2,13.79,8.99,54.13,0.1773,synthetic
1951,3,16.63,13.65,55.14,0.1997,synthetic
1951,4,11.04,23.21,54.87,0.2245,synthetic
1951,5,29.73,28.83,55.05,0.1606,synthetic
1951,6,40.77,29.54,51.95,0.1944,synthetic
1951,7,214.16,28.78,79.65,0.4146,synthetic
1951,8,199.4,19.54,75.3,0.3957,synthetic
1951,9,69.19,15.9,87.65,0.4366,synthetic
1951,10,27.76,9.74,55.74,0.1899,synthetic
1951,11,6.28,1.56,53.06,0.2051,synthetic
1951,12,10.56,0.0,57.18,0.2357,synthetic
1952,1,19.99,-0.22,42.23,0.228,synthetic
1952,2,9.39,7.16,49.15,0.1459,synthetic
1952,3,16.65,16.14,52.12,0.1223,synthetic
1952,4,6.47,23.09,47.61,0.2055,synthetic
1952,5,19.89,28.86,55.6,0.1708,synthetic
1952,6,92.22,29.76,54.86,0.172,synthetic
1952,7,177.42,26.66,79.14,0.4514,synthetic
1952,8,101.37,20.08,87.36,0.3937,synthetic
1952,9,91.9,16.56,76.97,0.4548,synthetic
1952,10,37.12,6.77,65.79,0.1818,synthetic
1952,11,10.08,2.46,61.51,0.2468,synthetic
1952,12,10.11,-1.13,57.3,0.1797,synthetic
1953,1,25.57,2.21,53.17,0.2055,synthetic
1953,2,9.51,6.04,61.0,0.1803,synthetic
1953,3,8.87,15.8,60.93,0.2216,synthetic
1953,4,10.79,21.36,47.89,0.245,synthetic
1953,5,17.74,27.61,61.64,0.2167,synthetic
1953,6,75.37,33.25,51.78,0.2278,synthetic
1953,7,214.19,28.39,87.64,0.4152,synthetic
1953,8,231.74,24.11,78.18,0.3748,synthetic
1953,9,76.12,12.05,90.28,0.3669,synthetic
1953,10,27.68,7.08,56.54,0.2245,synthetic
1953,11,10.41,1.14,54.16,0.2085,synthetic
1953,12,9.13,2.41,57.45,0.222,synthetic
1954,1,18.48,3.77,55.91,0.1611,synthetic
1954,2,20.52,6.52,52.36,0.2176,synthetic
1954,3,20.07,15.03,56.54,0.2511,synthetic
1954,4,8.67,26.4,57.83,0.1472,synthetic
1954,5,25.27,28.56,61.45,0.2202,synthetic
1954,6,61.85,28.16,53.95,0.1745,synthetic
1954,7,167.33,28.87,88.35,0.4118,synthetic
1954,8,113.38,23.17,85.98,0.3817,synthetic
1954,9,114.37,15.02,76.08,0.4194,synthetic
1954,10,28.73,8.13,50.56,0.1869,synthetic
1954,11,10.02,1.45,63.63,0.188,synthetic
1954,12,10.79,1.4,47.91,0.1472,synthetic
1955,1,6.99,3.9,52.24,0.2767,synthetic
1955,2,14.45,7.78,62.71,0.2602,synthetic
1955,3,24.1,16.81,60.12,0.2178,synthetic
1955,4,10.18,21.67,50.91,0.1999,synthetic
1955,5,18.81,27.31,58.48,0.2287,synthetic
1955,6,67.01,32.22,49.29,0.1942,synthetic
1955,7,157.31,25.19,79.59,0.3963,synthetic
1955,8,298.29,23.45,74.88,0.4556,synthetic
1955,9,171.28,15.87,78.87,0.3712,synthetic
1955,10,26.09,9.13,64.42,0.2463,synthetic
1955,11,6.63,0.33,55.7,0.1469,synthetic
1955,12,11.13,-0.22,52.67,0.1522,synthetic
1956,1,17.7,1.21,49.15,0.1138,synthetic
1956,2,17.83,10.16,63.31,0.1863,synthetic
1956,3,11.05,15.7,50.01,0.2091,synthetic
1956,4,10.15,24.34,54.5,0.1939,synthetic
1956,5,13.85,26.75,53.87,0.211,synthetic
1956,6,85.78,28.8,62.46,0.1919,synthetic
1956,7,208.43,26.87,67.88,0.4265,synthetic
1956,8,245.29,22.08,80.33,0.4155,synthetic
1956,9,54.37,14.21,83.97,0.3624,synthetic
1956,10,33.08,5.47,57.33,0.1989,synthetic
1956,11,3.48,3.76,51.33,0.1757,synthetic
1956,12,10.7,1.72,49.92,0.2019,synthetic
1957,1,17.25,3.05,55.88,0.189,synthetic
1957,2,12.79,7.63,49.64,0.1124,synthetic
1957,3,16.14,16.36,43.19,0.1697,synthetic
1957,4,9.73,25.59,55.1,0.1782,synthetic
1957,5,18.72,30.05,51.77,0.176,synthetic
1957,6,54.02,28.57,55.61,0.2487,synthetic
1957,7,233.75,27.61,78.54,0.3531,synthetic
1957,8,255.27,22.38,79.1,0.4958,synthetic
1957,9,132.55,13.87,77.87,0.4345,synthetic
1957,10,31.19,5.34,59.6,0.18,synthetic
1957,11,13.25,3.63,52.76,0.2384,synthetic
1957,12,10.24,1.28,57.42,0.1746,synthetic
1958,1,11.62,3.55,53.33,0.1879,synthetic
1958,2,11.98,8.14,65.31,0.168,synthetic
1958,3,14.12,17.12,54.6,0.2136,synthetic
1958,4,5.03,23.14,54.06,0.2296,synthetic
1958,5,28.31,31.87,57.9,0.2098,synthetic
1958,6,69.42,29.47,56.69,0.1911,synthetic
1958,7,222.38,29.97,74.97,0.4342,synthetic
1958,8,284.89,22.32,69.39,0.3818,synthetic
1958,9,174.47,14.97,75.0,0.3849,synthetic
1958,10,38.83,8.32,53.81,0.189,synthetic
1958,11,6.9,0.63,63.08,0.1903,synthetic
1958,12,14.26,2.28,59.99,0.1871,synthetic
1959,1,17.12,1.97,50.48,0.2097,synthetic
1959,2,10.57,9.28,52.68,0.206,synthetic
1959,3,15.39,14.61,57.93,0.1858,synthetic
1959,4,10.44,20.48,55.63,0.2582,synthetic
1959,5,13.0,26.97,57.57,0.2054,synthetic
1959,6,72.98,30.73,58.17,0.2333,synthetic
1959,7,240.12,27.63,83.36,0.457,synthetic
1959,8,185.95,21.04,85.54,0.3964,synthetic
1959,9,28.75,16.27,77.32,0.3973,synthetic
1959,10,33.49,7.79,58.55,0.1869,synthetic
1959,11,9.44,1.62,58.69,0.2185,synthetic
1959,12,6.73,1.63,52.32,0.2242,synthetic
1960,1,16.93,4.77,53.88,0.1895,synthetic
1960,2,17.88,7.05,59.0,0.1515,synthetic
1960,3,8.84,13.4,59.75,0.2513,synthetic
1960,4,7.71,22.25,55.35,0.2349,synthetic
1960,5,13.51,28.35,59.88,0.215,synthetic
1960,6,69.31,31.5,41.48,0.2203,synthetic
1960,7,161.93,25.24,82.56,0.4412,synthetic
1960,8,185.62,23.93,88.06,0.4394,synthetic
1960,9,188.88,16.11,80.38,0.3519,synthetic
1960,10,27.42,6.24,65.85,0.1947,synthetic
1960,11,8.34,2.84,55.22,0.2509,synthetic
1960,12,7.82,0.29,51.29,0.1604,synthetic
1961,1,11.79,1.95,52.85,0.1792,synthetic
1961,2,9.14,7.38,47.48,0.2228,synthetic
1961,3,14.4,12.81,53.45,0.1774,synthetic
1961,4,8.89,24.51,45.62,0.2035,synthetic
1961,5,18.88,29.0,56.07,0.1774,synthetic
1961,6,57.74,28.81,60.38,0.2006,synthetic
1961,7,349.74,27.9,76.46,0.3546,synthetic
1961,8,71.94,20.12,81.34,0.4153,synthetic
1961,9,53.59,16.34,77.58,0.4044,synthetic
1961,10,46.93,8.85,53.66,0.1733,synthetic
1961,11,1.97,0.93,53.94,0.1704,synthetic
1961,12,9.54,0.12,53.88,0.1805,synthetic
1962,1,15.89,2.67,49.55,0.2423,synthetic
1962,2,17.38,7.53,58.54,0.207,synthetic
1962,3,18.67,15.43,51.94,0.2108,synthetic
1962,4,4.8,22.66,54.83,0.1938,synthetic
1962,5,19.1,25.17,52.26,0.2028,synthetic
1962,6,68.64,28.46,61.33,0.174,synthetic
1962,7,281.26,28.63,76.77,0.4533,synthetic
1962,8,113.53,23.88,85.0,0.3799,synthetic
1962,9,178.48,14.62,81.44,0.4078,synthetic
1962,10,28.59,8.72,58.97,0.1475,synthetic
1962,11,11.65,-0.48,60.16,0.2338,synthetic
1962,12,6.18,-0.62,49.47,0.1936,synthetic
1963,1,13.38,3.18,61.55,0.2419,synthetic
1963,2,14.46,7.19,46.58,0.1758,synthetic
1963,3,18.73,17.42,48.83,0.1822,synthetic
1963,4,7.93,22.92,50.95,0.2127,synthetic
1963,5,16.68,27.97,57.73,0.2002,synthetic
1963,6,55.07,29.84,54.56,0.1889,synthetic
1963,7,190.98,30.39,82.8,0.3911,synthetic
1963,8,242.57,22.0,85.87,0.4111,synthetic
1963,9,115.49,15.67,72.15,0.3662,synthetic
1963,10,17.46,7.71,63.66,0.2669,synthetic
1963,11,9.79,2.76,45.99,0.1837,synthetic
1963,12,7.24,-0.93,54.16,0.1858,synthetic
1964,1,4.61,3.13,49.64,0.2072,synthetic
1964,2,31.07,6.12,42.35,0.1914,synthetic
1964,3,19.39,17.94,48.85,0.2149,synthetic
1964,4,6.7,22.34,68.22,0.1549,synthetic
1964,5,21.78,28.69,60.43,0.2029,synthetic
1964,6,72.01,29.41,56.35,0.1897,synthetic
1964,7,255.69,27.44,81.89,0.3991,synthetic
1964,8,271.85,22.42,71.13,0.4379,synthetic
1964,9,81.96,14.02,77.02,0.4412,synthetic
1964,10,7.58,12.21,60.28,0.2067,synthetic
1964,11,7.85,2.44,57.61,0.2194,synthetic
1964,12,11.94,0.13,54.01,0.1955,synthetic
1965,1,13.98,3.71,57.97,0.1118,synthetic
1965,2,22.13,7.79,54.91,0.1883,synthetic
1965,3,19.51,16.42,51.14,0.2122,synthetic
1965,4,5.28,20.43,51.87,0.2259,synthetic
1965,5,26.67,28.76,58.63,0.2155,synthetic
1965,6,50.41,30.65,59.0,0.2226,synthetic
1965,7,297.39,29.05,81.76,0.4321,synthetic
1965,8,193.19,21.18,79.18,0.3777,synthetic
1965,9,91.64,14.78,76.04,0.3908,synthetic
1965,10,10.12,7.82,55.01,0.1755,synthetic
1965,11,9.85,3.42,46.96,0.1771,synthetic
1965,12,7.31,-1.41,59.15,0.1942,synthetic
1966,1,13.61,-1.0,58.18,0.1628,synthetic
1966,2,18.38,7.92,61.8,0.1607,synthetic
1966,3,0.0,15.28,64.0,0.2372,synthetic
1966,4,8.59,21.76,59.04,0.1708,synthetic
1966,5,23.33,28.75,60.3,0.2828,synthetic
1966,6,73.93,29.24,54.87,0.1469,synthetic
1966,7,158.94,27.38,77.38,0.4046,synthetic
1966,8,138.87,24.18,80.0,0.3997,synthetic
1966,9,106.23,15.23,84.13,0.374,synthetic
1966,10,23.09,7.04,48.27,0.1754,synthetic
1966,11,6.67,3.32,56.31,0.2058,synthetic
1966,12,12.98,-0.21,56.95,0.1969,synthetic
1967,1,16.39,1.14,42.81,0.196,synthetic
1967,2,26.96,8.89,59.83,0.2371,synthetic
1967,3,14.43,15.3,51.91,0.1905,synthetic
1967,4,9.72,24.31,54.3,0.1865,synthetic
1967,5,20.0,28.89,47.78,0.1311,synthetic
1967,6,52.48,28.17,52.46,0.1956,synthetic
1967,7,176.69,30.17,81.63,0.409,synthetic
1967,8,237.47,20.79,85.2,0.3977,synthetic
1967,9,148.16,13.39,72.23,0.4245,synthetic
1967,10,33.95,6.15,50.65,0.2338,synthetic
1967,11,4.67,4.47,50.5,0.2192,synthetic
1967,12,8.85,0.9,52.28,0.1951,synthetic
1968,1,15.21,0.51,58.7,0.1846,synthetic
1968,2,16.56,6.01,42.19,0.1943,synthetic
1968,3,25.82,16.18,54.9,0.1921,synthetic
1968,4,8.06,23.32,49.1,0.2334,synthetic
1968,5,25.01,29.07,57.19,0.2006,synthetic
1968,6,80.31,30.89,53.23,0.1828,synthetic
1968,7,217.49,30.31,73.8,0.356,synthetic
1968,8,206.24,22.58,80.87,0.4073,synthetic
1968,9,110.63,17.23,72.0,0.3751,synthetic
1968,10,28.92,5.04,54.12,0.2498,synthetic
1968,11,8.06,2.36,48.7,0.1815,synthetic
1968,12,8.69,-0.48,61.41,0.2167,synthetic
1969,1,9.16,2.38,57.49,0.2342,synthetic
1969,2,27.96,5.98,50.95,0.1623,synthetic
1969,3,12.85,15.7,59.94,0.1977,synthetic
1969,4,7.1,22.73,50.82,0.2627,synthetic
1969,5,8.75,28.27,65.12,0.2002,synthetic
1969,6,60.68,29.46,54.1,0.2412,synthetic
1969,7,47.43,30.29,72.88,0.392,synthetic
1969,8,165.7,23.38,72.01,0.4139,synthetic
1969,9,205.02,12.96,80.95,0.3801,synthetic
1969,10,34.47,7.53,51.79,0.2146,synthetic
1969,11,13.05,1.72,58.6,0.1612,synthetic
1969,12,6.65,0.71,62.42,0.2107,synthetic
1970,1,13.36,2.01,48.75,0.2181,synthetic
1970,2,23.56,6.82,52.65,0.208,synthetic
1970,3,11.86,14.9,65.5,0.1926,synthetic
1970,4,7.0,21.53,58.72,0.1946,synthetic
1970,5,15.45,29.97,62.1,0.182,synthetic
1970,6,22.54,31.51,51.58,0.2237,synthetic
1970,7,65.2,29.33,73.94,0.4219,synthetic
1970,8,195.97,21.07,77.96,0.4206,synthetic
1970,9,124.45,15.88,89.88,0.3531,synthetic
1970,10,46.98,7.66,50.51,0.1601,synthetic
1970,11,7.47,3.39,54.36,0.2453,synthetic
1970,12,4.92,-0.02,48.74,0.2109,synthetic
1971,1,19.66,1.38,41.98,0.206,synthetic
1971,2,20.75,8.11,61.18,0.1679,synthetic
1971,3,17.33,16.79,46.11,0.2096,synthetic
1971,4,6.59,22.38,56.74,0.1854,synthetic
1971,5,15.27,28.04,49.56,0.1674,synthetic
1971,6,80.46,28.28,58.33,0.2139,synthetic
1971,7,83.15,26.97,85.97,0.3706,synthetic
1971,8,163.3,23.19,83.92,0.3925,synthetic
1971,9,94.9,17.13,88.69,0.4294,synthetic
1971,10,30.9,6.29,50.85,0.2157,synthetic
1971,11,9.17,4.11,58.25,0.1549,synthetic
1971,12,13.68,-1.5,53.08,0.2075,synthetic
1972,1,25.48,6.67,58.03,0.1945,synthetic
1972,2,21.37,8.83,53.4,0.2539,synthetic
1972,3,15.13,15.75,58.33,0.2126,synthetic
1972,4,10.35,21.57,52.21,0.167,synthetic
1972,5,23.08,29.16,57.29,0.2502,synthetic
1972,6,64.87,31.0,49.54,0.1884,synthetic
1972,7,261.12,29.26,78.53,0.3979,synthetic
1972,8,91.41,21.96,84.45,0.4173,synthetic
1972,9,141.03,15.07,80.04,0.3802,synthetic
1972,10,37.34,8.13,57.46,0.1842,synthetic
1972,11,1.97,3.66,52.61,0.1741,synthetic
1972,12,12.43,-0.59,60.3,0.2185,synthetic
1973,1,18.59,-0.04,61.06,0.2078,synthetic
1973,2,15.67,7.72,46.12,0.2123,synthetic
1973,3,8.96,12.97,47.39,0.2334,synthetic
1973,4,6.24,24.8,52.32,0.1488,synthetic
1973,5,12.18,29.84,54.22,0.1836,synthetic
1973,6,68.64,30.75,60.59,0.2435,synthetic
1973,7,183.56,26.0,77.93,0.4078,synthetic
1973,8,129.22,21.06,81.72,0.3985,synthetic
1973,9,121.38,13.86,78.85,0.3723,synthetic
1973,10,39.35,9.05,45.77,0.1721,synthetic
1973,11,3.81,1.03,54.58,0.1565,synthetic
1973,12,6.77,-1.51,56.04,0.2021,synthetic
1974,1,11.21,2.27,52.27,0.1919,synthetic
1974,2,28.54,9.51,48.5,0.2249,synthetic
1974,3,17.98,13.28,59.09,0.2461,synthetic
1974,4,4.86,21.12,60.09,0.2081,synthetic
1974,5,23.86,28.5,56.95,0.1602,synthetic
1974,6,88.83,31.75,53.85,0.1987,synthetic
1974,7,97.46,28.76,82.86,0.3981,synthetic
1974,8,271.74,22.0,82.82,0.3694,synthetic
1974,9,119.01,14.74,81.13,0.3889,synthetic
1974,10,28.62,8.74,52.82,0.1518,synthetic
1974,11,12.9,4.08,48.54,0.2207,synthetic
1974,12,8.24,0.4,56.47,0.193,synthetic
1975,1,10.89,0.97,50.42,0.175,synthetic
1975,2,17.58,6.43,58.41,0.2446,synthetic
1975,3,11.16,15.36,57.5,0.2142,synthetic
1975,4,8.21,23.61,57.41,0.1629,synthetic
1975,5,26.08,29.32,51.18,0.2011,synthetic
1975,6,80.55,29.69,60.36,0.2709,synthetic
1975,7,152.23,25.92,81.52,0.4216,synthetic
1975,8,179.24,24.68,73.31,0.4208,synthetic
1975,9,94.55,17.58,89.96,0.377,synthetic
1975,10,24.23,8.79,53.06,0.1986,synthetic
1975,11,8.07,-0.87,54.93,0.1793,synthetic
1975,12,8.27,2.17,48.72,0.2244,synthetic
1976,1,13.54,1.59,58.95,0.2102,synthetic
1976,2,21.59,8.95,53.34,0.1816,synthetic
1976,3,8.68,13.76,69.75,0.2373,synthetic
1976,4,4.22,20.52,57.41,0.2164,synthetic
1976,5,23.84,27.61,54.37,0.2098,synthetic
1976,6,66.95,26.67,53.85,0.1745,synthetic
1976,7,222.88,32.47,81.84,0.3906,synthetic
1976,8,257.91,23.22,82.1,0.4182,synthetic
1976,9,206.37,13.3,82.37,0.3722,synthetic
1976,10,35.83,6.12,52.91,0.1911,synthetic
1976,11,10.73,3.39,48.77,0.2016,synthetic
1976,12,7.52,-1.89,53.91,0.1907,synthetic
1977,1,27.74,2.66,48.11,0.1831,synthetic
1977,2,24.43,10.63,47.07,0.1436,synthetic
1977,3,23.17,15.58,50.66,0.216,synthetic
1977,4,0.62,22.51,56.64,0.2277,synthetic
1977,5,12.9,28.12,50.37,0.2077,synthetic
1977,6,44.63,29.39,50.02,0.2195,synthetic
1977,7,273.1,27.64,80.19,0.3565,synthetic
1977,8,174.55,22.42,93.1,0.3666,synthetic
1977,9,181.5,16.5,81.4,0.4528,synthetic
1977,10,33.91,8.08,54.73,0.2367,synthetic
1977,11,11.07,1.07,48.4,0.1939,synthetic
1977,12,7.2,-0.1,61.19,0.1863,synthetic
1978,1,14.78,2.1,59.24,0.1326,synthetic
1978,2,14.18,7.82,61.0,0.1852,synthetic
1978,3,4.8,15.93,51.82,0.1643,synthetic
1978,4,6.25,22.22,51.98,0.1338,synthetic
1978,5,26.28,29.9,58.26,0.1659,synthetic
1978,6,60.42,29.99,57.99,0.2201,synthetic
1978,7,156.04,28.11,82.29,0.4437,synthetic
1978,8,243.08,23.68,80.42,0.4423,synthetic
1978,9,137.21,13.71,87.02,0.4209,synthetic
1978,10,25.35,6.78,56.48,0.2139,synthetic
1978,11,8.55,2.48,63.5,0.2321,synthetic
1978,12,10.67,1.41,49.84,0.2119,synthetic
1979,1,24.5,1.68,50.76,0.1804,synthetic
1979,2,11.14,6.32,53.15,0.1578,synthetic
1979,3,14.08,16.35,50.46,0.2456,synthetic
1979,4,9.43,24.05,51.71,0.2256,synthetic
1979,5,12.36,29.33,55.86,0.2166,synthetic
1979,6,38.26,28.66,57.99,0.1715,synthetic
1979,7,244.05,25.94,84.24,0.363,synthetic
1979,8,232.69,23.44,76.52,0.4175,synthetic
1979,9,130.94,14.19,74.96,0.3411,synthetic
1979,10,33.67,5.15,55.48,0.1921,synthetic
1979,11,9.9,1.56,53.35,0.222,synthetic
1979,12,11.17,0.47,57.35,0.1539,synthetic
1980,1,18.97,2.93,49.92,0.1927,synthetic
1980,2,17.75,7.3,56.67,0.2429,synthetic
1980,3,19.3,13.03,58.11,0.2399,synthetic
1980,4,9.08,24.14,65.06,0.2307,synthetic
1980,5,21.75,29.56,55.72,0.2007,synthetic
1980,6,57.01,32.35,50.91,0.246,synthetic
1980,7,246.74,25.89,81.84,0.337,synthetic
1980,8,237.69,23.83,77.04,0.4037,synthetic
1980,9,202.07,14.24,74.71,0.4444,synthetic
1980,10,50.61,7.51,60.06,0.2402,synthetic
1980,11,5.92,1.28,61.15,0.2506,synthetic
1980,12,11.97,-1.32,64.94,0.1841,synthetic
1981,1,13.24,2.52,62.77,0.2256,synthetic
1981,2,20.61,8.19,55.22,0.2167,synthetic
1981,3,1.61,14.56,56.21,0.1655,synthetic
1981,4,9.08,22.19,63.78,0.2472,synthetic
1981,5,16.74,27.76,54.63,0.1865,synthetic
1981,6,69.44,28.86,49.35,0.2187,synthetic
1981,7,256.27,26.78,84.48,0.3811,synthetic
1981,8,212.28,23.73,79.83,0.4136,synthetic
1981,9,98.31,14.71,78.97,0.3776,synthetic
1981,10,28.14,5.18,52.54,0.1915,synthetic
1981,11,7.28,1.65,54.69,0.2144,synthetic
1981,12,13.06,-0.97,48.98,0.1687,synthetic
1982,1,12.44,1.48,51.15,0.1611,synthetic
1982,2,15.13,7.77,57.98,0.1833,synthetic
1982,3,11.98,13.61,54.84,0.1745,synthetic
1982,4,9.6,19.82,53.2,0.209,synthetic
1982,5,21.29,32.03,56.75,0.1699,synthetic
1982,6,62.83,27.34,54.6,0.175,synthetic
1982,7,277.28,27.17,79.42,0.3809,synthetic
1982,8,313.68,22.02,89.16,0.4244,synthetic
1982,9,140.25,15.55,81.97,0.3422,synthetic
1982,10,27.07,8.77,54.76,0.1578,synthetic
1982,11,7.85,4.57,61.23,0.1981,synthetic
1982,12,13.33,-0.55,46.48,0.1723,synthetic
1983,1,23.21,1.6,53.78,0.191,synthetic
1983,2,30.0,9.94,66.09,0.1952,synthetic
1983,3,15.45,12.73,62.38,0.165,synthetic
1983,4,8.61,20.85,52.06,0.1749,synthetic
1983,5,15.74,27.18,52.26,0.225,synthetic
1983,6,39.86,30.33,61.09,0.1846,synthetic
1983,7,157.23,27.64,85.9,0.4058,synthetic
1983,8,158.74,23.23,74.49,0.4204,synthetic
1983,9,137.16,14.54,75.81,0.3734,synthetic
1983,10,35.62,9.34,51.81,0.2138,synthetic
1983,11,2.16,1.13,54.84,0.1727,synthetic
1983,12,6.72,-1.0,56.46,0.1944,synthetic
1984,1,0.93,13.35,31.82,0.33,NASA
1984,2,6.96,15.13,26.1,0.33,NASA
1984,3,0.0,25.5,21.93,0.33,NASA
1984,4,22.8,30.77,20.36,0.34,NASA
1984,5,2.17,36.33,13.21,0.33,NASA
1984,6,25.2,37.96,27.22,0.33,NASA
1984,7,152.52,33.39,51.98,0.39,NASA
1984,8,276.83,31.69,63.14,0.46,NASA
1984,9,132.3,26.18,77.41,0.69,NASA
1984,10,0.31,23.4,42.46,0.47,NASA
1984,11,0.0,19.51,34.5,0.38,NASA
1984,12,0.31,15.75,28.41,0.34,NASA
1985,1,3.41,14.28,40.24,0.33,NASA
1985,2,0.0,17.6,17.23,0.33,NASA
1985,3,0.93,25.67,14.06,0.33,NASA
1985,4,13.5,30.62,22.22,0.33,NASA
1985,5,9.92,35.41,13.86,0.33,NASA
1985,6,80.1,35.99,32.11,0.36,NASA
1985,7,394.32,31.75,63.62,0.51,NASA
1985,8,151.59,28.89,80.38,0.73,NASA
1985,9,101.1,27.37,72.65,0.56,NASA
1985,10,87.11,22.25,63.85,0.54,NASA
1985,11,0.0,19.09,42.63,0.44,NASA
1985,12,25.73,15.81,53.04,0.4,NASA
1986,1,31.62,13.4,44.92,0.39,NASA
1986,2,35.56,15.71,50.6,0.43,NASA
1986,3,6.82,22.22,36.33,0.38,NASA
1986,4,6.6,30.04,20.16,0.33,NASA
1986,5,16.12,34.04,17.11,0.33,NASA
1986,6,36.3,36.72,28.13,0.34,NASA
1986,7,62.93,32.89,52.62,0.35,NASA
1986,8,128.03,32.01,54.86,0.41,NASA
1986,9,69.9,30.33,44.51,0.38,NASA
1986,10,3.41,26.07,37.16,0.38,NASA
1986,11,0.0,21.33,21.41,0.33,NASA
1986,12,9.92,14.57,31.85,0.33,NASA
1987,1,35.03,15.06,41.86,0.36,NASA
1987,2,12.6,18.39,37.66,0.35,NASA
1987,3,11.16,24.2,30.32,0.33,NASA
1987,4,2.7,30.25,16.66,0.33,NASA
1987,5,48.36,31.71,31.83,0.35,NASA
1987,6,20.7,37.44,24.3,0.33,NASA
1987,7,42.47,37.73,31.67,0.34,NASA
1987,8,122.14,35.47,41.61,0.35,NASA
1987,9,36.6,31.38,44.89,0.42,NASA
1987,10,2.48,27.3,30.85,0.34,NASA
1987,11,0.0,21.29,12.67,0.33,NASA
1987,12,6.2,16.29,21.18,0.33,NASA
1988,1,0.93,16.08,32.07,0.33,NASA
1988,2,19.72,18.99,29.97,0.34,NASA
1988,3,39.68,22.63,32.7,0.35,NASA
1988,4,4.2,31.86,14.6,0.33,NASA
1988,5,1.86,37.02,12.78,0.33,NASA
1988,6,66.9,37.53,27.97,0.35,NASA
1988,7,222.27,31.46,69.85,0.48,NASA
1988,8,365.49,28.39,84.74,0.7,NASA
1988,9,147.6,27.84,78.56,0.67,NASA
1988,10,1.24,23.33,59.55,0.57,NASA
1988,11,0.0,19.98,40.29,0.43,NASA
1988,12,3.72,15.83,42.79,0.38,NASA
1989,1,53.94,12.47,46.46,0.42,NASA
1989,2,2.8,15.72,35.66,0.38,NASA
1989,3,30.38,22.82,32.59,0.34,NASA
1989,4,0.3,28.78,15.71,0.33,NASA
1989,5,3.1,34.98,11.25,0.33,NASA
1989,6,19.8,36.7,26.97,0.33,NASA
1989,7,53.63,34.55,44.67,0.34,NASA
1989,8,118.42,32.69,54.37,0.37,NASA
1989,9,115.2,29.49,58.9,0.49,NASA
1989,10,2.79,26.36,27.8,0.37,NASA
1989,11,6.3,21.03,25.19,0.33,NASA
1989,12,8.68,15.95,33.65,0.33,NASA
1990,1,0.0,16.89,33.51,0.33,NASA
1990,2,107.52,17.44,47.78,0.37,NASA
1990,3,5.27,20.87,40.3,0.42,NASA
1990,4,5.1,29.21,22.68,0.34,NASA
1990,5,44.02,35.17,26.72,0.35,NASA
1990,6,69.6,37.24,28.39,0.34,NASA
1990,7,179.18,32.23,61.6,0.45,NASA
1990,8,287.06,29.13,79.67,0.55,NASA
1990,9,244.8,27.82,80.75,0.73,NASA
1990,10,0.62,23.81,55.7,0.56,NASA
1990,11,22.8,20.09,41.4,0.44,NASA
1990,12,0.31,15.55,42.11,0.41,NASA
1991,1,0.93,13.74,37.54,0.37,NASA
1991,2,32.76,18.12,34.46,0.36,NASA
1991,3,3.41,23.88,24.67,0.34,NASA
1991,4,2.7,29.73,17.12,0.33,NASA
1991,5,15.19,35.67,15.6,0.33,NASA
1991,6,57.0,35.86,31.08,0.35,NASA
1991,7,101.37,35.99,40.69,0.36,NASA
1991,8,368.28,30.78,68.27,0.51,NASA
1991,9,132.0,26.98,75.27,0.75,NASA
1991,10,0.31,23.66,46.56,0.52,NASA
1991,11,8.4,18.94,38.89,0.42,NASA
1991,12,26.04,15.99,45.75,0.39,NASA
1992,1,8.37,14.51,45.36,0.38,NASA
1992,2,27.84,16.17,42.86,0.39,NASA
1992,3,0.31,23.07,28.9,0.34,NASA
1992,4,0.9,29.5,19.0,0.33,NASA
1992,5,2.48,34.24,18.02,0.33,NASA
1992,6,9.9,37.74,19.99,0.33,NASA
1992,7,92.38,33.6,49.0,0.35,NASA
1992,8,183.83,30.5,69.98,0.48,NASA
1992,9,106.5,28.24,63.79,0.5,NASA
1992,10,19.84,25.53,40.76,0.41,NASA
1992,11,16.8,20.24,39.13,0.36,NASA
1992,12,0.0,17.13,34.45,0.35,NASA
1993,1,10.54,15.1,36.46,0.33,NASA
1993,2,15.4,19.77,25.8,0.33,NASA
1993,3,16.74,21.88,31.4,0.34,NASA
1993,4,5.1,29.85,21.72,0.33,NASA
1993,5,15.5,35.91,16.64,0.33,NASA
1993,6,124.8,36.26,33.25,0.36,NASA
1993,7,299.15,30.75,68.8,0.57,NASA
1993,8,134.54,30.68,66.11,0.56,NASA
1993,9,206.4,27.81,75.34,0.57,NASA
1993,10,0.62,25.13,36.9,0.44,NASA
1993,11,0.0,20.72,29.16,0.36,NASA
1993,12,0.0,16.24,18.84,0.33,NASA
1994,1,27.28,16.28,38.7,0.35,NASA
1994,2,15.96,17.06,36.21,0.35,NASA
1994,3,0.62,25.74,20.49,0.33,NASA
1994,4,15.3,28.83,20.56,0.33,NASA
1994,5,10.85,36.08,16.33,0.33,NASA
1994,6,65.1,37.54,26.14,0.34,NASA
1994,7,407.03,31.59,67.64,0.49,NASA
1994,8,265.67,28.58,85.77,0.79,NASA
1994,9,11.7,26.21,74.99,0.68,NASA
1994,10,0.0,24.25,43.43,0.45,NASA
1994,11,0.0,20.9,34.95,0.37,NASA
1994,12,0.31,16.27,29.24,0.33,NASA
1995,1,58.28,13.14,44.1,0.39,NASA
1995,2,26.6,17.3,40.78,0.38,NASA
1995,3,24.49,22.03,34.42,0.36,NASA
1995,4,1.2,29.1,22.23,0.33,NASA
1995,5,0.0,35.72,14.77,0.33,NASA
1995,6,42.9,37.6,26.62,0.34,NASA
1995,7,74.09,34.94,46.52,0.35,NASA
1995,8,395.87,29.09,80.41,0.54,NASA
1995,9,170.4,27.08,76.48,0.79,NASA
1995,10,0.93,24.46,54.97,0.55,NASA
1995,11,0.6,19.75,36.39,0.43,NASA
1995,12,1.55,16.28,39.58,0.37,NASA
1996,1,17.67,14.77,38.89,0.35,NASA
1996,2,43.21,17.93,41.29,0.36,NASA
1996,3,5.89,24.57,35.17,0.35,NASA
1996,4,3.3,30.4,16.24,0.33,NASA
1996,5,16.74,34.48,18.35,0.33,NASA
1996,6,156.0,35.55,38.38,0.37,NASA
1996,7,182.28,32.03,63.41,0.49,NASA
1996,8,320.54,28.42,82.92,0.66,NASA
1996,9,151.2,27.09,77.68,0.74,NASA
1996,10,20.46,22.94,61.29,0.56,NASA
1996,11,0.0,18.84,34.91,0.43,NASA
1996,12,0.62,14.49,30.92,0.38,NASA
1997,1,7.44,13.51,33.17,0.35,NASA
1997,2,2.52,17.41,24.21,0.33,NASA
1997,3,11.78,23.17,27.4,0.33,NASA
1997,4,16.2,28.27,27.44,0.34,NASA
1997,5,49.6,32.84,22.76,0.33,NASA
1997,6,102.0,34.09,42.5,0.38,NASA
1997,7,93.31,34.31,51.64,0.4,NASA
1997,8,150.97,30.93,63.47,0.44,NASA
1997,9,64.5,29.88,56.64,0.46,NASA
1997,10,39.37,25.17,50.7,0.4,NASA
1997,11,17.4,20.28,45.15,0.38,NASA
1997,12,47.74,14.24,58.05,0.41,NASA
1998,1,0.31,12.95,44.03,0.4,NASA
1998,2,16.52,16.24,44.34,0.37,NASA
1998,3,23.25,21.11,36.83,0.36,NASA
1998,4,9.0,30.6,21.26,0.33,NASA
1998,5,18.29,35.64,19.63,0.33,NASA
1998,6,139.2,35.28,36.14,0.36,NASA
1998,7,131.13,31.74,68.03,0.5,NASA
1998,8,224.13,30.18,75.62,0.53,NASA
1998,9,174.6,28.54,75.71,0.56,NASA
1998,10,82.77,24.36,68.12,0.59,NASA
1998,11,10.8,19.74,49.61,0.49,NASA
1998,12,0.0,15.58,38.71,0.42,NASA
1999,1,42.47,13.68,50.63,0.42,NASA
1999,2,1.12,17.75,40.7,0.39,NASA
1999,3,0.31,24.12,21.11,0.34,NASA
1999,4,0.0,31.48,9.27,0.33,NASA
1999,5,11.16,35.79,18.9,0.33,NASA
1999,6,58.2,36.38,31.21,0.34,NASA
1999,7,144.15,34.33,50.71,0.38,NASA
1999,8,90.52,32.24,56.56,0.44,NASA
1999,9,106.5,30.27,62.64,0.44,NASA
1999,10,14.57,26.32,39.7,0.4,NASA
1999,11,0.0,21.54,22.29,0.34,NASA
1999,12,0.31,16.69,19.87,0.33,NASA
2000,1,16.43,14.96,32.84,0.34,NASA
2000,2,33.06,15.22,39.62,0.36,NASA
2000,3,12.71,22.14,22.94,0.34,NASA
2000,4,4.8,31.9,11.8,0.33,NASA
2000,5,25.11,36.28,24.83,0.33,NASA
2000,6,145.8,34.49,44.19,0.39,NASA
2000,7,199.02,31.28,66.62,0.49,NASA
2000,8,169.26,30.64,69.39,0.52,NASA
2000,9,31.2,30.18,54.01,0.46,NASA
2000,10,0.0,26.9,33.35,0.36,NASA
2000,11,0.6,21.82,26.24,0.33,NASA
2000,12,2.48,16.36,23.15,0.33,NASA
2001,1,11.47,13.71,36.35,0.34,NASA
2001,2,10.36,18.38,25.43,0.33,NASA
2001,3,3.72,24.12,19.61,0.33,NASA
2001,4,25.5,29.74,24.48,0.34,NASA
2001,5,43.4,35.56,27.6,0.34,NASA
2001,6,116.4,34.31,46.51,0.39,NASA
2001,7,162.44,32.07,63.62,0.44,NASA
2001,8,91.14,31.1,64.54,0.48,NASA
2001,9,39.6,30.94,45.77,0.4,NASA
2001,10,5.27,27.51,32.61,0.34,NASA
2001,11,0.0,21.8,22.43,0.33,NASA
2001,12,1.24,16.42,28.23,0.33,NASA
2002,1,26.97,14.1,40.64,0.35,NASA
2002,2,30.8,16.84,40.64,0.37,NASA
2002,3,3.72,24.08,26.74,0.34,NASA
2002,4,6.3,31.7,13.47,0.33,NASA
2002,5,96.72,36.29,18.73,0.35,NASA
2002,6,45.0,36.08,35.87,0.39,NASA
2002,7,12.71,37.87,29.34,0.34,NASA
2002,8,149.73,32.12,59.37,0.42,NASA
2002,9,192.3,27.42,71.03,0.55,NASA
2002,10,2.17,25.71,48.75,0.45,NASA
2002,11,0.0,21.1,35.87,0.38,NASA
2002,12,27.9,16.67,38.58,0.34,NASA
2003,1,29.45,13.48,45.93,0.37,NASA
2003,2,15.68,17.26,48.96,0.39,NASA
2003,3,4.96,23.22,31.61,0.35,NASA
2003,4,2.7,31.32,17.82,0.33,NASA
2003,5,7.44,34.31,14.36,0.33,NASA
2003,6,122.4,36.7,32.22,0.37,NASA
2003,7,493.83,29.94,78.79,0.73,NASA
2003,8,191.58,29.03,82.44,0.82,NASA
2003,9,123.0,27.67,79.3,0.73,NASA
2003,10,11.78,23.63,56.36,0.55,NASA
2003,11,0.9,18.89,44.91,0.45,NASA
2003,12,22.94,15.35,53.77,0.42,NASA
2004,1,20.15,13.34,56.0,0.41,NASA
2004,2,0.29,17.43,39.89,0.39,NASA
2004,3,0.0,25.93,19.86,0.34,NASA
2004,4,76.5,32.05,21.28,0.34,NASA
2004,5,11.16,34.05,29.25,0.37,NASA
2004,6,85.8,35.17,38.56,0.36,NASA
2004,7,78.74,34.1,48.75,0.38,NASA
2004,8,258.85,29.23,77.36,0.53,NASA
2004,9,22.5,29.34,57.13,0.47,NASA
2004,10,73.47,25.19,51.01,0.45,NASA
2004,11,0.0,20.54,40.76,0.39,NASA
2004,12,0.93,16.36,42.79,0.36,NASA
2005,1,10.23,13.91,49.64,0.34,NASA
2005,2,36.96,16.86,47.13,0.37,NASA
2005,3,28.52,24.32,44.33,0.35,NASA
2005,4,7.2,29.1,19.8,0.33,NASA
2005,5,6.2,34.37,19.68,0.33,NASA
2005,6,65.1,37.46,27.29,0.34,NASA
2005,7,220.72,30.89,70.42,0.49,NASA
2005,8,115.01,31.78,59.39,0.48,NASA
2005,9,227.1,28.62,71.16,0.53,NASA
2005,10,0.31,24.04,58.04,0.5,NASA
2005,11,0.9,19.48,39.9,0.41,NASA
2005,12,0.62,14.24,36.62,0.37,NASA
2006,1,1.86,14.3,34.23,0.34,NASA
2006,2,0.0,22.69,26.03,0.33,NASA
2006,3,27.28,23.34,35.91,0.34,NASA
2006,4,3.0,30.89,17.83,0.33,NASA
2006,5,53.63,35.82,28.96,0.34,NASA
2006,6,101.7,34.44,39.82,0.36,NASA
2006,7,249.86,31.55,67.32,0.48,NASA
2006,8,100.44,29.6,75.05,0.53,NASA
2006,9,101.1,28.91,65.92,0.52,NASA
2006,10,6.82,27.35,45.9,0.4,NASA
2006,11,0.6,21.23,41.28,0.35,NASA
2006,12,4.65,16.19,41.57,0.33,NASA
2007,1,1.55,14.79,29.84,0.33,NASA
2007,2,76.44,17.57,54.96,0.39,NASA
2007,3,41.85,21.94,45.76,0.41,NASA
2007,4,1.2,31.48,25.02,0.35,NASA
2007,5,54.56,34.65,28.58,0.34,NASA
2007,6,141.3,36.15,40.3,0.39,NASA
2007,7,193.13,32.3,62.64,0.48,NASA
2007,8,205.84,29.27,79.92,0.63,NASA
2007,9,91.5,29.28,67.85,0.51,NASA
2007,10,0.62,24.99,39.84,0.4,NASA
2007,11,0.9,20.6,40.98,0.35,NASA
2007,12,1.24,15.38,35.14,0.33,NASA
2008,1,2.17,14.22,28.07,0.33,NASA
2008,2,3.19,16.38,25.64,0.33,NASA
2008,3,1.24,26.39,17.47,0.33,NASA
2008,4,30.3,29.71,27.53,0.34,NASA
2008,5,112.84,33.11,34.44,0.37,NASA
2008,6,122.7,32.36,58.72,0.45,NASA
2008,7,218.86,30.53,73.22,0.53,NASA
2008,8,258.23,28.28,84.16,0.69,NASA
2008,9,169.2,27.06,79.53,0.66,NASA
2008,10,3.72,24.54,68.79,0.55,NASA
2008,11,2.7,19.81,54.64,0.45,NASA
2008,12,0.0,17.08,48.33,0.4,NASA
2009,1,4.03,15.25,48.51,0.37,NASA
2009,2,5.32,18.25,37.97,0.35,NASA
2009,3,6.82,24.87,25.15,0.33,NASA
2009,4,5.7,30.13,21.53,0.33,NASA
2009,5,45.26,35.74,21.51,0.33,NASA
2009,6,32.4,36.67,25.26,0.34,NASA
2009,7,155.31,34.9,49.63,0.37,NASA
2009,8,206.46,31.29,69.38,0.51,NASA
2009,9,177.0,27.53,75.55,0.62,NASA
2009,10,41.54,23.91,53.49,0.51,NASA
2009,11,15.9,19.82,48.31,0.44,NASA
2009,12,2.17,15.58,43.74,0.4,NASA
2010,1,6.51,14.32,40.48,0.38,NASA
2010,2,24.36,17.82,42.57,0.37,NASA
2010,3,0.62,26.62,22.9,0.34,NASA
2010,4,1.2,33.3,13.43,0.33,NASA
2010,5,6.82,36.77,16.16,0.33,NASA
2010,6,12.9,37.43,25.38,0.33,NASA
2010,7,300.08,31.94,66.68,0.48,NASA
2010,8,336.97,28.78,84.39,0.69,NASA
2010,9,293.1,26.57,86.07,0.88,NASA
2010,10,4.96,24.07,73.47,0.77,NASA
2010,11,25.8,19.4,67.1,0.63,NASA
2010,12,8.68,13.22,62.05,0.56,NASA
2011,1,0.93,11.2,55.24,0.5,NASA
2011,2,40.04,16.53,54.81,0.45,NASA
2011,3,3.41,22.39,39.34,0.41,NASA
2011,4,10.2,28.93,27.49,0.34,NASA
2011,5,30.38,35.86,25.35,0.33,NASA
2011,6,118.5,34.74,45.17,0.36,NASA
2011,7,164.61,30.75,71.71,0.48,NASA
2011,8,228.78,28.71,83.23,0.6,NASA
2011,9,207.3,27.06,84.09,0.72,NASA
2011,10,1.55,24.49,59.43,0.55,NASA
2011,11,0.0,20.71,54.54,0.44,NASA
2011,12,0.93,15.24,44.23,0.39,NASA
2012,1,22.01,12.79,50.41,0.39,NASA
2012,2,1.45,15.79,35.4,0.36,NASA
2012,3,4.03,23.31,20.51,0.33,NASA
2012,4,18.3,30.09,27.3,0.33,NASA
2012,5,2.48,35.06,18.18,0.33,NASA
2012,6,15.0,38.43,22.4,0.33,NASA
2012,7,155.62,33.66,54.17,0.4,NASA
2012,8,353.71,29.35,76.33,0.56,NASA
2012,9,89.4,26.73,78.92,0.7,NASA
2012,10,5.27,23.89,51.03,0.51,NASA
2012,11,1.2,18.64,42.75,0.42,NASA
2012,12,4.65,14.51,41.29,0.38,NASA
2013,1,31.0,11.97,42.87,0.37,NASA
2013,2,83.44,15.8,56.33,0.44,NASA
2013,3,10.85,22.77,38.85,0.4,NASA
2013,4,6.9,29.87,27.24,0.34,NASA
2013,5,4.65,35.69,15.16,0.33,NASA
2013,6,178.8,34.41,46.64,0.4,NASA
2013,7,329.53,30.18,75.54,0.59,NASA
2013,8,329.53,28.24,84.06,0.78,NASA
2013,9,110.4,27.01,78.23,0.72,NASA
2013,10,71.61,23.96,72.3,0.67,NASA
2013,11,1.5,17.41,57.16,0.55,NASA
2013,12,8.06,14.29,52.55,0.46,NASA
2014,1,28.52,13.22,54.67,0.45,NASA
2014,2,56.0,15.23,51.91,0.45,NASA
2014,3,22.01,21.17,43.74,0.43,NASA
2014,4,10.8,28.13,30.81,0.36,NASA
2014,5,40.61,33.75,27.45,0.34,NASA
2014,6,39.6,37.6,27.74,0.33,NASA
2014,7,120.28,33.8,50.04,0.39,NASA
2014,8,170.5,31.34,60.09,0.47,NASA
2014,9,69.0,29.18,58.59,0.45,NASA
2014,10,8.06,26.43,41.26,0.37,NASA
2014,11,0.0,20.5,28.18,0.33,NASA
2014,12,24.49,14.36,37.15,0.35,NASA
2015,1,33.17,12.64,52.03,0.38,NASA
2015,2,5.32,18.09,40.23,0.36,NASA
2015,3,87.11,21.32,49.57,0.42,NASA
2015,4,35.1,27.98,40.58,0.39,NASA
2015,5,7.44,35.15,19.36,0.33,NASA
2015,6,96.9,35.24,33.91,0.35,NASA
2015,7,230.02,30.76,68.18,0.53,NASA
2015,8,212.35,29.58,72.62,0.55,NASA
2015,9,50.7,29.17,51.09,0.46,NASA
2015,10,11.16,26.41,40.94,0.38,NASA
2015,11,0.9,21.58,38.93,0.35,NASA
2015,12,1.55,15.9,27.88,0.33,NASA
2016,1,0.31,15.62,29.74,0.33,NASA
2016,2,3.48,18.58,24.99,0.33,NASA
2016,3,22.32,24.93,30.23,0.34,NASA
2016,4,0.3,32.08,18.39,0.33,NASA
2016,5,48.67,35.54,25.62,0.34,NASA
2016,6,79.5,36.47,36.4,0.35,NASA
2016,7,323.95,30.93,70.89,0.53,NASA
2016,8,153.76,28.7,81.92,0.61,NASA
2016,9,40.8,28.81,62.63,0.5,NASA
2016,10,4.96,26.2,39.46,0.4,NASA
2016,11,0.0,20.5,28.62,0.34,NASA
2016,12,0.0,16.76,27.09,0.33,NASA
2017,1,26.04,14.38,42.89,0.34,NASA
2017,2,0.56,17.92,35.54,0.35,NASA
2017,3,13.95,23.81,27.56,0.33,NASA
2017,4,8.1,32.1,17.01,0.33,NASA
2017,5,17.98,35.95,22.12,0.33,NASA
2017,6,140.4,34.95,40.75,0.36,NASA
2017,7,159.03,30.97,68.69,0.49,NASA
2017,8,143.53,30.49,68.37,0.49,NASA
2017,9,158.1,28.53,62.42,0.51,NASA
2017,10,0.0,25.78,41.43,0.46,NASA
2017,11,0.0,19.2,41.98,0.39,NASA
2017,12,4.65,15.36,41.29,0.35,NASA
2018,1,3.1,13.59,34.76,0.34,NASA
2018,2,3.36,19.23,29.72,0.33,NASA
2018,3,1.55,25.49,23.08,0.33,NASA
2018,4,21.0,31.09,24.73,0.33,NASA
2018,5,9.61,35.43,20.55,0.33,NASA
2018,6,46.8,36.37,37.21,0.34,NASA
2018,7,375.41,31.81,66.95,0.49,NASA
2018,8,208.94,28.79,81.79,0.72,NASA
2018,9,170.4,26.62,80.93,0.76,NASA
2018,10,2.79,23.65,63.87,0.6,NASA
2018,11,2.4,19.53,51.75,0.47,NASA
2018,12,0.31,13.57,47.22,0.42,NASA
2019,1,36.89,12.75,49.52,0.4,NASA
2019,2,28.0,15.51,53.96,0.42,NASA
2019,3,8.68,21.32,41.53,0.38,NASA
2019,4,19.2,30.71,29.33,0.34,NASA
2019,5,14.26,34.24,23.22,0.33,NASA
2019,6,10.2,37.68,26.72,0.33,NASA
2019,7,183.52,33.62,56.76,0.41,NASA
2019,8,174.53,30.05,75.78,0.52,NASA
2019,9,77.4,29.6,71.25,0.48,NASA
2019,10,13.33,25.54,54.1,0.43,NASA
2019,11,13.5,21.31,52.48,0.37,NASA
2019,12,39.06,12.88,54.5,0.4,NASA
2020,1,29.45,12.7,62.17,0.42,NASA
2020,2,17.11,15.86,51.95,0.4,NASA
2020,3,65.1,21.23,54.56,0.43,NASA
2020,4,18.6,28.32,38.75,0.36,NASA
2020,5,52.08,33.64,31.36,0.34,NASA
2020,6,38.4,35.01,41.63,0.35,NASA
2020,7,212.66,32.92,61.14,0.42,NASA
2020,8,165.85,30.11,77.83,0.53,NASA
2020,9,14.4,30.31,60.32,0.46,NASA
2020,10,0.0,26.24,33.02,0.36,NASA
2020,11,5.4,19.59,34.33,0.33,NASA
2020,12,1.86,15.35,39.6,0.33,NASA
2021,1,39.06,13.23,52.22,0.38,NASA
2021,2,3.64,18.74,38.57,0.35,NASA
2021,3,2.17,25.93,25.62,0.33,NASA
2021,4,3.6,29.95,18.12,0.33,NASA
2021,5,110.67,31.91,35.44,0.38,NASA
2021,6,90.3,33.3,46.87,0.43,NASA
2021,7,334.8,32.05,65.69,0.5,NASA
2021,8,141.98,28.91,80.94,0.67,NASA
2021,9,197.4,27.23,86.33,0.7,NASA
2021,10,118.73,24.13,72.47,0.62,NASA
2021,11,0.0,17.55,62.75,0.56,NASA
2021,12,3.72,13.49,58.62,0.49,NASA
2022,1,75.33,11.98,74.09,0.51,NASA
2022,2,27.72,15.12,61.49,0.5,NASA
2022,3,0.0,24.71,40.9,0.41,NASA
2022,4,0.0,32.77,17.24,0.33,NASA
2022,5,41.54,35.01,26.54,0.34,NASA
2022,6,52.2,35.89,32.32,0.34,NASA
2022,7,146.32,32.66,61.12,0.41,NASA
2022,8,58.9,31.09,65.44,0.44,NASA
2022,9,257.1,29.7,68.82,0.48,NASA
2022,10,132.37,23.58,72.38,0.68,NASA
2022,11,0.0,18.49,68.06,0.57,NASA
2022,12,0.0,14.31,56.33,0.48,NASA
2023,1,26.97,12.4,55.48,0.44,NASA
2023,2,0.0,18.7,41.29,0.41,NASA
2023,3,68.51,23.56,45.19,0.38,NASA
2023,4,18.6,27.79,36.86,0.38,NASA
2023,5,69.13,30.96,38.3,0.37,NASA
2023,6,92.4,33.69,46.45,0.36,NASA
2023,7,296.36,30.5,76.54,0.56,NASA
2023,8,164.61,29.4,80.4,0.62,NASA
2023,9,140.4,28.3,76.88,0.57,NASA
2023,10,8.99,24.76,56.71,0.46,NASA
2023,11,7.5,20.54,52.4,0.4,NASA
2023,12,1.55,15.9,50.54,0.37,NASA
2024,1,2.48,12.72,49.9,0.35,NASA
2024,2,22.04,16.45,43.32,0.36,NASA
2024,3,19.22,22.91,33.16,0.34,NASA
2024,4,3.9,30.57,22.79,0.33,NASA
2024,5,0.62,36.12,18.5,0.33,NASA
2024,6,74.7,37.7,30.69,0.34,NASA
2024,7,217.93,31.74,72.16,0.49,NASA
2024,8,193.13,28.72,84.96,0.61,NASA
2024,9,277.8,27.98,83.82,0.71,NASA
2024,10,0.31,25.44,67.7,0.6,NASA
2024,11,0.0,20.97,54.82,0.47,NASA
2024,12,16.12,14.71,49.27,0.42,NASA
