time,rainfall_mm,rain_mm,temp_c,humidity_pct,soil_moisture,water_level_cm
2025-11-26 00:00:00,,,,,,0.0
2025-11-26 01:00:00,,,,,,
2025-11-26 02:00:00,,,,,,
2025-11-26 03:00:00,,,,,,
2025-11-26 04:00:00,,,,,,
2025-11-26 05:00:00,,,,,,
2025-11-26 06:00:00,,,,,,
2025-11-26 07:00:00,,,,,,
2025-11-26 08:00:00,,,,,,
2025-11-26 09:00:00,,,,,,
2025-11-26 10:00:00,,,,,,
2025-11-26 11:00:00,,,,,,
2025-11-26 12:00:00,,,,,,
2025-11-26 13:00:00,,,,,,
2025-11-26 14:00:00,,,,,,
2025-11-26 15:00:00,,,,,,
2025-11-26 16:00:00,,,,,,
2025-11-26 17:00:00,,,,,,
2025-11-26 18:00:00,,,,,,
2025-11-26 19:00:00,,,,,,
2025-11-26 20:00:00,,,,,,
2025-11-26 21:00:00,,,,,,
2025-11-26 22:00:00,,,,,,
2025-11-26 23:00:00,,,,,,
2025-11-27 00:00:00,,,,,,
2025-11-27 01:00:00,,,,,,
2025-11-27 02:00:00,,,,,,
2025-11-27 03:00:00,,,,,,
2025-11-27 04:00:00,,,,,,
2025-11-27 05:00:00,,,,,,
2025-11-27 06:00:00,,,,,,
2025-11-27 07:00:00,,,,,,
2025-11-27 08:00:00,,,,,,
2025-11-27 09:00:00,,,,,,
2025-11-27 10:00:00,,,,,,
2025-11-27 11:00:00,,,,,,
2025-11-27 12:00:00,,,,,,
2025-11-27 13:00:00,,,,,,
2025-11-27 14:00:00,,,,,,
2025-11-27 15:00:00,,,,,,
2025-11-27 16:00:00,,,,,,
2025-11-27 17:00:00,,,,,,
2025-11-27 18:00:00,,,,,,
2025-11-27 19:00:00,,,,,,
2025-11-27 20:00:00,,,,,,
2025-11-27 21:00:00,,,,,,
2025-11-27 22:00:00,,,,,,
2025-11-27 23:00:00,,,,,,
2025-11-28 00:00:00,,,,,,
2025-11-28 01:00:00,,,,,,
2025-11-28 02:00:00,,,,,,
2025-11-28 03:00:00,,,,,,
2025-11-28 04:00:00,,,,,,
2025-11-28 05:00:00,,,,,,
2025-11-28 06:00:00,,,,,,
2025-11-28 07:00:00,,,,,,
2025-11-28 08:00:00,,,,,,
2025-11-28 09:00:00,,,,,,
2025-11-28 10:00:00,,,,,,
2025-11-28 11:00:00,,,,,,
2025-11-28 12:00:00,,,,,,
2025-11-28 13:00:00,,,,,,
2025-11-28 14:00:00,,,,,,
2025-11-28 15:00:00,,,,,,
2025-11-28 16:00:00,,,,,,
2025-11-28 17:00:00,,,,,,
2025-11-28 18:00:00,,,,,,
2025-11-28 19:00:00,,,,,,
2025-11-28 20:00:00,,,,,,
2025-11-28 21:00:00,,,,,,
2025-11-28 22:00:00,,,,,,
2025-11-28 23:00:00,,,,,,
2025-11-29 00:00:00,,,,,,
2025-11-29 01:00:00,,,,,,
2025-11-29 02:00:00,,,,,,
2025-11-29 03:00:00,,,,,,
2025-11-29 04:00:00,,,,,,
2025-11-29 05:00:00,,,,,,
2025-11-29 06:00:00,,,,,,
2025-11-29 07:00:00,,,,,,
2025-11-29 08:00:00,,,,,,
2025-11-29 09:00:00,,,,,,
2025-11-29 10:00:00,,,,,,
2025-11-29 11:00:00,,,,,,
2025-11-29 12:00:00,,,,,,
2025-11-29 13:00:00,,,,,,
2025-11-29 14:00:00,,,,,,
2025-11-29 15:00:00,,,,,,
2025-11-29 16:00:00,,,,,,
2025-11-29 17:00:00,,,,,,
2025-11-29 18:00:00,,,,,,
2025-11-29 19:00:00,,,,,,
2025-11-29 20:00:00,,,,,,
2025-11-29 21:00:00,,,,,,
2025-11-29 22:00:00,,,,,,
2025-11-29 23:00:00,,,,,,
2025-11-30 00:00:00,,,,,,
2025-11-30 01:00:00,,,,,,
2025-11-30 02:00:00,,,,,,
2025-11-30 03:00:00,,,,,,
2025-11-30 04:00:00,,,,,,
2025-11-30 05:00:00,,,,,,
2025-11-30 06:00:00,,,,,,
2025-11-30 07:00:00,,,,,,
2025-11-30 08:00:00,,,,,,
2025-11-30 09:00:00,,,,,,
2025-11-30 10:00:00,,,,,,
2025-11-30 11:00:00,,,,,,
2025-11-30 12:00:00,,,,,,
2025-11-30 13:00:00,,,,,,
2025-11-30 14:00:00,,,,,,
2025-11-30 15:00:00,,,,,,
2025-11-30 16:00:00,,,,,,
2025-11-30 17:00:00,,,,,,
2025-11-30 18:00:00,,,,,,
2025-11-30 19:00:00,,,,,,
2025-11-30 20:00:00,,,,,,
2025-11-30 21:00:00,,,,,,
2025-11-30 22:00:00,,,,,,
2025-11-30 23:00:00,,,,,,
2025-12-01 00:00:00,,,,,,
2025-12-01 01:00:00,,,,,,
2025-12-01 02:00:00,,,,,,
2025-12-01 03:00:00,,,,,,
2025-12-01 04:00:00,,,,,,
2025-12-01 05:00:00,,,,,,
2025-12-01 06:00:00,,,,,,
2025-12-01 07:00:00,,,,,,
2025-12-01 08:00:00,,,,,,
2025-12-01 09:00:00,,,,,,
2025-12-01 10:00:00,,,,,,
2025-12-01 11:00:00,,,,,,
2025-12-01 12:00:00,,,,,,
2025-12-01 13:00:00,,,,,,
2025-12-01 14:00:00,,,,,,
2025-12-01 15:00:00,,,,,,
2025-12-01 16:00:00,,,,,,
2025-12-01 17:00:00,,,,,,
2025-12-01 18:00:00,,,,,,
2025-12-01 19:00:00,,,,,,
2025-12-01 20:00:00,,,,,,
2025-12-01 21:00:00,,,,,,
2025-12-01 22:00:00,,,,,,
2025-12-01 23:00:00,,,,,,
2025-12-02 00:00:00,,,,,,
2025-12-02 01:00:00,,,,,,
2025-12-02 02:00:00,,,,,,
2025-12-02 03:00:00,,,,,,
2025-12-02 04:00:00,,,,,,
2025-12-02 05:00:00,,,,,,
2025-12-02 06:00:00,,,,,,
2025-12-02 07:00:00,,,,,,
2025-12-02 08:00:00,,,,,,
2025-12-02 09:00:00,,,,,,
2025-12-02 10:00:00,,,,,,
2025-12-02 11:00:00,,,,,,
2025-12-02 12:00:00,,,,,,
2025-12-02 13:00:00,,,,,,
2025-12-02 14:00:00,,,,,,
2025-12-02 15:00:00,,,,,,
2025-12-02 16:00:00,,,,,,
2025-12-02 17:00:00,,,,,,
2025-12-02 18:00:00,,,,,,
2025-12-02 19:00:00,,,,,,
2025-12-02 20:00:00,,,,,,
2025-12-02 21:00:00,,,,,,
2025-12-02 22:00:00,,,,,,
2025-12-02 23:00:00,,,,,,
2025-12-03 00:00:00,,,,,,
2025-12-03 01:00:00,,,,,,
2025-12-03 02:00:00,,,,,,
2025-12-03 03:00:00,,,,,,
2025-12-03 04:00:00,,,,,,
2025-12-03 05:00:00,,,,,,
2025-12-03 06:00:00,,,,,,
2025-12-03 07:00:00,,,,,,
2025-12-03 08:00:00,,,,,,
2025-12-03 09:00:00,,,,,,
2025-12-03 10:00:00,,,,,,
2025-12-03 11:00:00,,,,,,
2025-12-03 12:00:00,,,,,,
2025-12-03 13:00:00,,,,,,
2025-12-03 14:00:00,,,,,,
2025-12-03 15:00:00,,,,,,
2025-12-03 16:00:00,,,,,,
2025-12-03 17:00:00,,,,,,
2025-12-03 18:00:00,,,,,,
2025-12-03 19:00:00,,,,,,
2025-12-03 20:00:00,,,,,,
2025-12-03 21:00:00,,,,,,
2025-12-03 22:00:00,,,,,,
2025-12-03 23:00:00,,,,,,
2025-12-04 00:00:00,,,,,,
2025-12-04 01:00:00,,,,,,
2025-12-04 02:00:00,,,,,,
2025-12-04 03:00:00,,,,,,
2025-12-04 04:00:00,,,,,,
2025-12-04 05:00:00,,,,,,
2025-12-04 06:00:00,,,,,,
2025-12-04 07:00:00,,,,,,
2025-12-04 08:00:00,,,,,,
2025-12-04 09:00:00,,,,,,
2025-12-04 10:00:00,,,,,,
2025-12-04 11:00:00,,,,,,
2025-12-04 12:00:00,,,,,,
2025-12-04 13:00:00,,,,,,
2025-12-04 14:00:00,,,,,,
2025-12-04 15:00:00,,,,,,
2025-12-04 16:00:00,,,,,,
2025-12-04 17:00:00,,,,,,
2025-12-04 18:00:00,,,,,,
2025-12-04 19:00:00,,,,,,
2025-12-04 20:00:00,,,,,,
2025-12-04 21:00:00,,,,,,
2025-12-04 22:00:00,,,,,,
2025-12-04 23:00:00,,,,,,
2025-12-05 00:00:00,,,,,,
2025-12-05 01:00:00,,,,,,
2025-12-05 02:00:00,,,,,,
2025-12-05 03:00:00,,,,,,
2025-12-05 04:00:00,,,,,,
2025-12-05 05:00:00,,,,,,
2025-12-05 06:00:00,,,,,,
2025-12-05 07:00:00,,,,,,
2025-12-05 08:00:00,,,,,,
2025-12-05 09:00:00,,,,,,
2025-12-05 10:00:00,,,,,,
2025-12-05 11:00:00,,,,,,
2025-12-05 12:00:00,,,,,,
2025-12-05 13:00:00,,,,,,
2025-12-05 14:00:00,,,,,,
2025-12-05 15:00:00,,,,,,
2025-12-05 16:00:00,,,,,,
2025-12-05 17:00:00,,,,,,
2025-12-05 18:00:00,,,,,,
2025-12-05 19:00:00,,,,,,
2025-12-05 20:00:00,,,,,,
2025-12-05 21:00:00,,,,,,
2025-12-05 22:00:00,,,,,,
2025-12-05 23:00:00,,,,,,
2025-12-06 00:00:00,,,,,,
2025-12-06 01:00:00,,,,,,
2025-12-06 02:00:00,,,,,,
2025-12-06 03:00:00,,,,,,
2025-12-06 04:00:00,,,,,,
2025-12-06 05:00:00,,,,,,
2025-12-06 06:00:00,,,,,,
2025-12-06 07:00:00,,,,,,
2025-12-06 08:00:00,,,,,,
2025-12-06 09:00:00,,,,,,
2025-12-06 10:00:00,,,,,,
2025-12-06 11:00:00,,,,,,
2025-12-06 12:00:00,,,,,,
2025-12-06 13:00:00,,,,,,
2025-12-06 14:00:00,,,,,,
2025-12-06 15:00:00,,,,,,
2025-12-06 16:00:00,,,,,,
2025-12-06 17:00:00,,,,,,
2025-12-06 18:00:00,,,,,,
2025-12-06 19:00:00,,,,,,
2025-12-06 20:00:00,,,,,,
2025-12-06 21:00:00,,,,,,
2025-12-06 22:00:00,,,,,,
2025-12-06 23:00:00,,,,,,
2025-12-07 00:00:00,,,,,,
2025-12-07 01:00:00,,,,,,
2025-12-07 02:00:00,,,,,,
2025-12-07 03:00:00,,,,,,
2025-12-07 04:00:00,,,,,,
2025-12-07 05:00:00,,,,,,
2025-12-07 06:00:00,,,,,,
2025-12-07 07:00:00,,,,,,
2025-12-07 08:00:00,,,,,,
2025-12-07 09:00:00,,,,,,
2025-12-07 10:00:00,,,,,,
2025-12-07 11:00:00,,,,,,
2025-12-07 12:00:00,,,,,,
2025-12-07 13:00:00,,,,,,
2025-12-07 14:00:00,,,,,,
2025-12-07 15:00:00,,,,,,
2025-12-07 16:00:00,,,,,,
2025-12-07 17:00:00,,,,,,
2025-12-07 18:00:00,,,,,,
2025-12-07 19:00:00,,,,,,
2025-12-07 20:00:00,,,,,,
2025-12-07 21:00:00,,,,,,
2025-12-07 22:00:00,,,,,,
2025-12-07 23:00:00,,,,,,
2025-12-08 00:00:00,,,,,,
2025-12-08 01:00:00,,,,,,
2025-12-08 02:00:00,,,,,,
2025-12-08 03:00:00,,,,,,
2025-12-08 04:00:00,,,,,,
2025-12-08 05:00:00,,,,,,
2025-12-08 06:00:00,,,,,,
2025-12-08 07:00:00,,,,,,
2025-12-08 08:00:00,,,,,,
2025-12-08 09:00:00,,,,,,
2025-12-08 10:00:00,,,,,,
2025-12-08 11:00:00,,,,,,
2025-12-08 12:00:00,,,,,,
2025-12-08 13:00:00,,,,,,
2025-12-08 14:00:00,,,,,,
2025-12-08 15:00:00,,,,,,
2025-12-08 16:00:00,,,,,,
2025-12-08 17:00:00,,,,,,
2025-12-08 18:00:00,,,,,,
2025-12-08 19:00:00,,,,,,
2025-12-08 20:00:00,,,,,,
2025-12-08 21:00:00,,,,,,
2025-12-08 22:00:00,,,,,,
2025-12-08 23:00:00,,,,,,
2025-12-09 00:00:00,,,,,,
2025-12-09 01:00:00,,,,,,
2025-12-09 02:00:00,,,,,,
2025-12-09 03:00:00,,,,,,
2025-12-09 04:00:00,,,,,,
2025-12-09 05:00:00,,,,,,
2025-12-09 06:00:00,,,,,,
2025-12-09 07:00:00,,,,,,
2025-12-09 08:00:00,,,,,,
2025-12-09 09:00:00,,,,,,
2025-12-09 10:00:00,,,,,,
2025-12-09 11:00:00,,,,,,
2025-12-09 12:00:00,,,,,,
2025-12-09 13:00:00,,,,,,
2025-12-09 14:00:00,,,,,,
2025-12-09 15:00:00,,,,,,
2025-12-09 16:00:00,,,,,,
2025-12-09 17:00:00,,,,,,
2025-12-09 18:00:00,,,,,,
2025-12-09 19:00:00,,,,,,
2025-12-09 20:00:00,,,,,,
2025-12-09 21:00:00,,,,,,
2025-12-09 22:00:00,,,,,,
2025-12-09 23:00:00,,,,,,
2025-12-10 00:00:00,,,,,,
2025-12-10 01:00:00,,,,,,
2025-12-10 02:00:00,,,,,,
2025-12-10 03:00:00,,,,,,
2025-12-10 04:00:00,,,,,,
2025-12-10 05:00:00,,,,,,
2025-12-10 06:00:00,,,,,,
2025-12-10 07:00:00,,,,,,
2025-12-10 08:00:00,,,,,,
2025-12-10 09:00:00,,,,,,
2025-12-10 10:00:00,,,,,,
2025-12-10 11:00:00,,,,,,
2025-12-10 12:00:00,,,,,,
2025-12-10 13:00:00,,,,,,
2025-12-10 14:00:00,,,,,,
2025-12-10 15:00:00,,,,,,
2025-12-10 16:00:00,,,,,,
2025-12-10 17:00:00,,,,,,
2025-12-10 18:00:00,,,,,,
2025-12-10 19:00:00,,,,,,
2025-12-10 20:00:00,,,,,,
2025-12-10 21:00:00,,,,,,
2025-12-10 22:00:00,,,,,,
2025-12-10 23:00:00,,,,,,
2025-12-11 00:00:00,,,,,,
2025-12-11 01:00:00,,,,,,
2025-12-11 02:00:00,,,,,,
2025-12-11 03:00:00,,,,,,
2025-12-11 04:00:00,,,,,,
2025-12-11 05:00:00,,,,,,
2025-12-11 06:00:00,,,,,,
2025-12-11 07:00:00,,,,,,
2025-12-11 08:00:00,,,,,,
2025-12-11 09:00:00,,,,,,
2025-12-11 10:00:00,,,,,,
2025-12-11 11:00:00,,,,,,
2025-12-11 12:00:00,,,,,,
2025-12-11 13:00:00,,,,,,
2025-12-11 14:00:00,,,,,,
2025-12-11 15:00:00,,,,,,
2025-12-11 16:00:00,,,,,,
2025-12-11 17:00:00,,,,,,
2025-12-11 18:00:00,,,,,,
2025-12-11 19:00:00,,,,,,
2025-12-11 20:00:00,,,,,,
2025-12-11 21:00:00,,,,,,
2025-12-11 22:00:00,,,,,,
2025-12-11 23:00:00,,,,,,
2025-12-12 00:00:00,,,,,,
2025-12-12 01:00:00,,,,,,
2025-12-12 02:00:00,,,,,,
2025-12-12 03:00:00,,,,,,
2025-12-12 04:00:00,,,,,,
2025-12-12 05:00:00,,,,,,
2025-12-12 06:00:00,,,,,,
2025-12-12 07:00:00,,,,,,
2025-12-12 08:00:00,,,,,,
2025-12-12 09:00:00,,,,,,
2025-12-12 10:00:00,,,,,,
2025-12-12 11:00:00,,,,,,
2025-12-12 12:00:00,,,,,,
2025-12-12 13:00:00,,,,,,
2025-12-12 14:00:00,,,,,,
2025-12-12 15:00:00,,,,,,
2025-12-12 16:00:00,,,,,,
2025-12-12 17:00:00,,,,,,
2025-12-12 18:00:00,,,,,,
2025-12-12 19:00:00,,,,,,
2025-12-12 20:00:00,,,,,,
2025-12-12 21:00:00,,,,,,
2025-12-12 22:00:00,,,,,,
2025-12-12 23:00:00,,,,,,
2025-12-13 00:00:00,,,,,,
2025-12-13 01:00:00,,,,,,
2025-12-13 02:00:00,,,,,,
2025-12-13 03:00:00,,,,,,
2025-12-13 04:00:00,,,,,,
2025-12-13 05:00:00,,,,,,
2025-12-13 06:00:00,,,,,,
2025-12-13 07:00:00,,,,,,
2025-12-13 08:00:00,,,,,,
2025-12-13 09:00:00,,,,,,
2025-12-13 10:00:00,,,,,,
2025-12-13 11:00:00,,,,,,
2025-12-13 12:00:00,,,,,,
2025-12-13 13:00:00,,,,,,
2025-12-13 14:00:00,,,,,,
2025-12-13 15:00:00,,,,,,
2025-12-13 16:00:00,,,,,,
2025-12-13 17:00:00,,,,,,
2025-12-13 18:00:00,,,,,,
2025-12-13 19:00:00,,,,,,
2025-12-13 20:00:00,,,,,,
2025-12-13 21:00:00,,,,,,
2025-12-13 22:00:00,,,,,,
2025-12-13 23:00:00,,,,,,
2025-12-14 00:00:00,,,,,,
2025-12-14 01:00:00,,,,,,
2025-12-14 02:00:00,,,,,,
2025-12-14 03:00:00,,,,,,
2025-12-14 04:00:00,,,,,,
2025-12-14 05:00:00,,,,,,
2025-12-14 06:00:00,,,,,,
2025-12-14 07:00:00,,,,,,
2025-12-14 08:00:00,,,,,,
2025-12-14 09:00:00,,,,,,
2025-12-14 10:00:00,,,,,,
2025-12-14 11:00:00,,,,,,
2025-12-14 12:00:00,,,,,,
2025-12-14 13:00:00,,,,,,
2025-12-14 14:00:00,,,,,,
2025-12-14 15:00:00,,,,,,
2025-12-14 16:00:00,,,,,,
2025-12-14 17:00:00,,,,,,
2025-12-14 18:00:00,,,,,,
2025-12-14 19:00:00,,,,,,
2025-12-14 20:00:00,,,,,,
2025-12-14 21:00:00,,,,,,
2025-12-14 22:00:00,,,,,,
2025-12-14 23:00:00,,,,,,
2025-12-15 00:00:00,,,,,,
2025-12-15 01:00:00,,,,,,
2025-12-15 02:00:00,,,,,,
2025-12-15 03:00:00,,,,,,
2025-12-15 04:00:00,,,,,,
2025-12-15 05:00:00,,,,,,
2025-12-15 06:00:00,,,,,,
2025-12-15 07:00:00,,,,,,
2025-12-15 08:00:00,,,,,,
2025-12-15 09:00:00,,,,,,
2025-12-15 10:00:00,,,,,,
2025-12-15 11:00:00,,,,,,
2025-12-15 12:00:00,,,,,,
2025-12-15 13:00:00,,,,,,
2025-12-15 14:00:00,,,,,,
2025-12-15 15:00:00,,,,,,
2025-12-15 16:00:00,,,,,,
2025-12-15 17:00:00,,,,,,
2025-12-15 18:00:00,,,,,,
2025-12-15 19:00:00,,,,,,
2025-12-15 20:00:00,,,,,,
2025-12-15 21:00:00,,,,,,
2025-12-15 22:00:00,,,,,,
2025-12-15 23:00:00,,,,,,
2025-12-16 00:00:00,,,,,,
2025-12-16 01:00:00,,,,,,
2025-12-16 02:00:00,,,,,,
2025-12-16 03:00:00,,,,,,
2025-12-16 04:00:00,,,,,,
2025-12-16 05:00:00,,,,,,
2025-12-16 06:00:00,,,,,,
2025-12-16 07:00:00,,,,,,
2025-12-16 08:00:00,,,,,,
2025-12-16 09:00:00,,,,,,
2025-12-16 10:00:00,,,,,,
2025-12-16 11:00:00,,,,,,
2025-12-16 12:00:00,,,,,,
2025-12-16 13:00:00,,,,,,
2025-12-16 14:00:00,,,,,,
2025-12-16 15:00:00,,,,,,
2025-12-16 16:00:00,,,,,,
2025-12-16 17:00:00,,,,,,
2025-12-16 18:00:00,,,,,,
2025-12-16 19:00:00,,,,,,
2025-12-16 20:00:00,,,,,,
2025-12-16 21:00:00,,,,,,
2025-12-16 22:00:00,,,,,,
2025-12-16 23:00:00,,,,,,
2025-12-17 00:00:00,,,,,,
2025-12-17 01:00:00,,,,,,
2025-12-17 02:00:00,,,,,,
2025-12-17 03:00:00,,,,,,
2025-12-17 04:00:00,,,,,,
2025-12-17 05:00:00,,,,,,
2025-12-17 06:00:00,,,,,,
2025-12-17 07:00:00,,,,,,
2025-12-17 08:00:00,,,,,,
2025-12-17 09:00:00,,,,,,
2025-12-17 10:00:00,,,,,,
2025-12-17 11:00:00,,,,,,
2025-12-17 12:00:00,,,,,,
2025-12-17 13:00:00,,,,,,
2025-12-17 14:00:00,,,,,,
2025-12-17 15:00:00,,,,,,
2025-12-17 16:00:00,,,,,,
2025-12-17 17:00:00,,,,,,
2025-12-17 18:00:00,,,,,,
2025-12-17 19:00:00,,,,,,
2025-12-17 20:00:00,,,,,,
2025-12-17 21:00:00,,,,,,
2025-12-17 22:00:00,,,,,,
2025-12-17 23:00:00,,,,,,
2025-12-18 00:00:00,,,,,,
2025-12-18 01:00:00,,,,,,
2025-12-18 02:00:00,,,,,,
2025-12-18 03:00:00,,,,,,
2025-12-18 04:00:00,,,,,,
2025-12-18 05:00:00,,,,,,
2025-12-18 06:00:00,,,,,,
2025-12-18 07:00:00,,,,,,
2025-12-18 08:00:00,,,,,,
2025-12-18 09:00:00,,,,,,
2025-12-18 10:00:00,,,,,,
2025-12-18 11:00:00,,,,,,
2025-12-18 12:00:00,0.0,0.0,17.9,78.0,0.322,
2025-12-18 13:00:00,0.0,0.0,19.4,74.0,0.322,
2025-12-18 14:00:00,0.0,0.0,20.2,73.0,0.321,
2025-12-18 15:00:00,0.0,0.0,20.5,69.0,0.321,
2025-12-18 16:00:00,0.0,0.0,20.3,69.0,0.322,
2025-12-18 17:00:00,0.0,0.0,18.2,81.0,0.322,
2025-12-18 18:00:00,0.0,0.0,16.8,88.0,0.322,
2025-12-18 19:00:00,0.0,0.0,15.7,92.0,0.323,
2025-12-18 20:00:00,0.0,0.0,14.9,94.0,0.323,
2025-12-18 21:00:00,0.0,0.0,14.5,95.0,0.323,
2025-12-18 22:00:00,0.0,0.0,14.2,95.0,0.323,
2025-12-18 23:00:00,0.0,0.0,13.1,97.0,0.323,
2025-12-19 00:00:00,0.0,0.0,12.8,99.0,0.324,
2025-12-19 01:00:00,0.0,0.0,12.4,99.0,0.324,
2025-12-19 02:00:00,0.0,0.0,12.0,100.0,0.324,
2025-12-19 03:00:00,0.0,0.0,11.8,99.0,0.324,
2025-12-19 04:00:00,0.0,0.0,11.7,100.0,0.324,
2025-12-19 05:00:00,0.0,0.0,11.7,100.0,0.326,
2025-12-19 06:00:00,0.0,0.0,11.7,100.0,0.326,
2025-12-19 07:00:00,0.0,0.0,11.6,100.0,0.326,
2025-12-19 08:00:00,0.0,0.0,11.9,100.0,0.325,
2025-12-19 09:00:00,0.0,0.0,13.3,93.0,0.325,
2025-12-19 10:00:00,0.0,0.0,15.6,84.0,0.324,
2025-12-19 11:00:00,0.0,0.0,16.2,82.0,0.324,
2025-12-19 12:00:00,0.0,0.0,18.1,74.0,0.323,
2025-12-19 13:00:00,0.0,0.0,19.2,69.0,0.322,
2025-12-19 14:00:00,0.0,0.0,20.1,64.0,0.322,
2025-12-19 15:00:00,0.0,0.0,20.5,61.0,0.321,
2025-12-19 16:00:00,0.0,0.0,20.1,61.0,0.322,
2025-12-19 17:00:00,0.0,0.0,19.1,66.0,0.322,
2025-12-19 18:00:00,0.0,0.0,18.0,69.0,0.323,
2025-12-19 19:00:00,0.0,0.0,17.1,73.0,0.323,
2025-12-19 20:00:00,0.0,0.0,16.0,79.0,0.323,
2025-12-19 21:00:00,0.0,0.0,15.1,85.0,0.324,
2025-12-19 22:00:00,0.0,0.0,13.9,92.0,0.324,
2025-12-19 23:00:00,0.0,0.0,11.9,100.0,0.324,
2025-12-20 00:00:00,0.0,0.0,11.9,100.0,0.324,
2025-12-20 01:00:00,0.0,0.0,11.5,100.0,0.324,
2025-12-20 02:00:00,0.0,0.0,11.0,100.0,0.324,
2025-12-20 03:00:00,0.0,0.0,10.6,100.0,0.324,
2025-12-20 04:00:00,0.0,0.0,10.5,100.0,0.324,
2025-12-20 05:00:00,0.0,0.0,10.7,100.0,0.331,
2025-12-20 06:00:00,0.0,0.0,10.8,100.0,0.331,
2025-12-20 07:00:00,0.0,0.0,10.9,100.0,0.331,
2025-12-20 08:00:00,0.0,0.0,10.9,100.0,0.331,
2025-12-20 09:00:00,0.0,0.0,11.2,100.0,0.33,
2025-12-20 10:00:00,0.0,0.0,11.8,100.0,0.33,
2025-12-20 11:00:00,0.0,0.0,12.3,97.0,0.326,
2025-12-20 12:00:00,0.0,0.0,13.7,89.0,0.324,
2025-12-20 13:00:00,0.0,0.0,14.7,84.0,0.323,
2025-12-20 14:00:00,0.0,0.0,15.4,80.0,0.322,
2025-12-20 15:00:00,0.0,0.0,15.7,78.0,0.322,
2025-12-20 16:00:00,0.0,0.0,15.6,79.0,0.322,
2025-12-20 17:00:00,0.0,0.0,15.1,84.0,0.325,
2025-12-20 18:00:00,0.0,0.0,14.6,87.0,0.325,
2025-12-20 19:00:00,0.0,0.0,14.3,89.0,0.326,
2025-12-20 20:00:00,0.0,0.0,14.0,89.0,0.326,
2025-12-20 21:00:00,0.0,0.0,13.7,91.0,0.326,
2025-12-20 22:00:00,0.0,0.0,13.4,93.0,0.327,
2025-12-20 23:00:00,0.0,0.0,12.5,95.0,0.327,
2025-12-21 00:00:00,0.0,0.0,12.4,96.0,0.327,
2025-12-21 01:00:00,0.0,0.0,12.2,96.0,0.327,
2025-12-21 02:00:00,0.0,0.0,11.9,96.0,0.327,
2025-12-21 03:00:00,0.0,0.0,11.5,96.0,0.327,
2025-12-21 04:00:00,0.0,0.0,11.2,97.0,0.328,
2025-12-21 05:00:00,0.0,0.0,11.3,97.0,0.328,
2025-12-21 06:00:00,0.0,0.0,11.1,96.0,0.328,
2025-12-21 07:00:00,0.0,0.0,11.0,96.0,0.328,
2025-12-21 08:00:00,0.0,0.0,11.8,93.0,0.328,
2025-12-21 09:00:00,0.0,0.0,13.3,86.0,0.328,
2025-12-21 10:00:00,0.0,0.0,14.6,83.0,0.327,
2025-12-21 11:00:00,0.0,0.0,15.1,80.0,0.327,
2025-12-21 12:00:00,0.0,0.0,16.2,75.0,0.326,
2025-12-21 13:00:00,0.0,0.0,16.7,75.0,0.326,
2025-12-21 14:00:00,0.0,0.0,17.1,72.0,0.325,
2025-12-21 15:00:00,0.0,0.0,16.9,73.0,0.325,
2025-12-21 16:00:00,0.0,0.0,16.5,75.0,0.325,
2025-12-21 17:00:00,0.0,0.0,16.1,79.0,0.326,
2025-12-21 18:00:00,0.0,0.0,15.4,86.0,0.326,
2025-12-21 19:00:00,0.0,0.0,15.0,89.0,0.326,
2025-12-21 20:00:00,0.0,0.0,14.7,90.0,0.327,
2025-12-21 21:00:00,0.0,0.0,14.4,91.0,0.327,
2025-12-21 22:00:00,0.0,0.0,14.1,92.0,0.327,
2025-12-21 23:00:00,0.0,0.0,13.2,95.0,0.327,
2025-12-22 00:00:00,0.0,0.0,12.9,96.0,0.327,
2025-12-22 01:00:00,0.0,0.0,12.6,96.0,0.327,
2025-12-22 02:00:00,0.0,0.0,12.3,97.0,0.327,
2025-12-22 03:00:00,0.0,0.0,11.9,98.0,0.327,
2025-12-22 04:00:00,0.0,0.0,11.7,99.0,0.328,
2025-12-22 05:00:00,0.0,0.0,11.2,100.0,0.334,
2025-12-22 06:00:00,0.0,0.0,11.2,100.0,0.334,
2025-12-22 07:00:00,0.0,0.0,11.3,99.0,0.333,
2025-12-22 08:00:00,0.0,0.0,12.0,97.0,0.333,
2025-12-22 09:00:00,0.0,0.0,12.9,91.0,0.332,
2025-12-22 10:00:00,0.0,0.0,14.3,87.0,0.331,
2025-12-22 11:00:00,0.0,0.0,14.4,84.0,0.331,
2025-12-22 12:00:00,0.0,0.0,15.8,79.0,0.33,
2025-12-22 13:00:00,0.0,0.0,16.7,74.0,0.329,
2025-12-22 14:00:00,0.0,0.0,17.2,74.0,0.329,
2025-12-22 15:00:00,0.0,0.0,17.4,74.0,0.328,
2025-12-22 16:00:00,0.0,0.0,17.2,75.0,0.329,
2025-12-22 17:00:00,0.0,0.0,17.0,80.0,0.329,
2025-12-22 18:00:00,0.0,0.0,15.7,87.0,0.329,
2025-12-22 19:00:00,0.0,0.0,14.9,91.0,0.33,
2025-12-22 20:00:00,0.0,0.0,14.4,92.0,0.33,
2025-12-22 21:00:00,0.0,0.0,14.0,94.0,0.33,
2025-12-22 22:00:00,0.0,0.0,13.7,94.0,0.33,
2025-12-22 23:00:00,0.0,0.0,12.7,97.0,0.33,
2025-12-23 00:00:00,0.0,0.0,12.4,98.0,0.33,
2025-12-23 01:00:00,0.0,0.0,12.1,98.0,0.33,
2025-12-23 02:00:00,0.0,0.0,12.0,98.0,0.33,
2025-12-23 03:00:00,0.0,0.0,11.9,98.0,0.33,
2025-12-23 04:00:00,0.0,0.0,11.7,98.0,0.33,
2025-12-23 05:00:00,0.0,0.0,11.3,99.0,0.337,
2025-12-23 06:00:00,0.0,0.0,11.2,99.0,0.337,
2025-12-23 07:00:00,0.0,0.0,11.2,98.0,0.336,
2025-12-23 08:00:00,0.0,0.0,12.4,96.0,0.336,
2025-12-23 09:00:00,0.0,0.0,14.8,88.0,0.335,
2025-12-23 10:00:00,0.0,0.0,17.3,78.0,0.334,
2025-12-23 11:00:00,0.0,0.0,19.1,70.0,0.333,
2025-12-23 12:00:00,0.0,0.0,20.6,64.0,0.331,
2025-12-23 13:00:00,0.0,0.0,21.5,62.0,0.331,
2025-12-23 14:00:00,0.0,0.0,22.1,60.0,0.33,
2025-12-23 15:00:00,0.0,0.0,22.0,61.0,0.33,
2025-12-23 16:00:00,0.0,0.0,21.2,66.0,0.33,
2025-12-23 17:00:00,0.0,0.0,19.7,73.0,0.327,
2025-12-23 18:00:00,0.0,0.0,18.2,81.0,0.326,
2025-12-23 19:00:00,0.0,0.0,17.2,86.0,0.326,
2025-12-23 20:00:00,0.0,0.0,16.4,88.0,0.325,
2025-12-23 21:00:00,0.0,0.0,15.8,89.0,0.325,
2025-12-23 22:00:00,0.0,0.0,15.2,91.0,0.324,
2025-12-23 23:00:00,0.0,0.0,14.4,93.0,0.323,
2025-12-24 00:00:00,0.0,0.0,14.1,94.0,0.322,
2025-12-24 01:00:00,0.0,0.0,13.8,95.0,0.322,
2025-12-24 02:00:00,0.0,0.0,13.5,95.0,0.322,
2025-12-24 03:00:00,0.0,0.0,13.3,96.0,0.321,
2025-12-24 04:00:00,0.0,0.0,13.0,95.0,0.321,
2025-12-24 05:00:00,0.0,0.0,12.8,94.0,0.322,
2025-12-24 06:00:00,0.0,0.0,12.5,93.0,0.322,
2025-12-24 07:00:00,0.0,0.0,12.2,92.0,0.321,
2025-12-24 08:00:00,0.0,0.0,13.0,86.0,0.321,
2025-12-24 09:00:00,0.0,0.0,14.8,77.0,0.32,
2025-12-24 10:00:00,0.0,0.0,16.7,67.0,0.319,
2025-12-24 11:00:00,0.0,0.0,18.7,57.0,0.316,
2025-12-24 12:00:00,0.0,0.0,19.8,48.0,0.315,
2025-12-24 13:00:00,0.0,0.0,20.5,44.0,0.313,
2025-12-24 14:00:00,0.0,0.0,20.6,42.0,0.312,
2025-12-24 15:00:00,0.0,0.0,20.3,43.0,0.312,
2025-12-24 16:00:00,0.0,0.0,19.6,45.0,0.312,
2025-12-24 17:00:00,0.0,0.0,18.4,50.0,0.306,
2025-12-24 18:00:00,0.0,0.0,16.8,58.0,0.306,
2025-12-24 19:00:00,0.0,0.0,15.7,63.0,0.305,
2025-12-24 20:00:00,0.0,0.0,14.9,66.0,0.305,
2025-12-24 21:00:00,0.0,0.0,14.2,69.0,0.305,
2025-12-24 22:00:00,0.0,0.0,13.8,70.0,0.304,
2025-12-24 23:00:00,0.0,0.0,11.4,82.0,0.306,
2025-12-25 00:00:00,0.0,0.0,11.0,84.0,0.306,
2025-12-25 01:00:00,0.0,0.0,10.5,87.0,0.306,
2025-12-25 02:00:00,0.0,0.0,10.1,90.0,0.306,
2025-12-25 03:00:00,0.0,0.0,9.7,91.0,0.306,
2025-12-25 04:00:00,0.0,0.0,9.5,92.0,0.306,
2025-12-25 05:00:00,0.0,0.0,9.5,90.0,0.301,
2025-12-25 06:00:00,0.0,0.0,9.3,90.0,0.301,
2025-12-25 07:00:00,0.0,0.0,9.1,89.0,0.301,
2025-12-25 08:00:00,0.0,0.0,10.3,87.0,0.301,
2025-12-25 09:00:00,0.0,0.0,13.4,75.0,0.301,
2025-12-25 10:00:00,0.0,0.0,16.3,64.0,0.3,
2025-12-25 11:00:00,0.0,0.0,17.9,58.0,0.299,
2025-12-25 12:00:00,0.0,0.0,19.5,51.0,0.297,
2025-12-25 13:00:00,0.0,0.0,20.3,48.0,0.296,
2025-12-25 14:00:00,0.0,0.0,20.7,46.0,0.296,
2025-12-25 15:00:00,0.0,0.0,20.6,46.0,0.296,
2025-12-25 16:00:00,0.0,0.0,20.0,49.0,0.296,
2025-12-25 17:00:00,0.0,0.0,18.4,64.0,0.301,
2025-12-25 18:00:00,0.0,0.0,17.2,66.0,0.302,
2025-12-25 19:00:00,0.0,0.0,16.0,71.0,0.303,
2025-12-25 20:00:00,0.0,0.0,15.0,77.0,0.304,
2025-12-25 21:00:00,0.0,0.0,14.1,83.0,0.305,
2025-12-25 22:00:00,0.0,0.0,13.5,87.0,0.305,
2025-12-25 23:00:00,0.0,0.0,11.8,96.0,0.306,
2025-12-26 00:00:00,0.0,0.0,11.3,100.0,0.307,
2025-12-26 01:00:00,0.0,0.0,11.2,100.0,0.307,
2025-12-26 02:00:00,0.0,0.0,11.2,100.0,0.308,
2025-12-26 03:00:00,0.0,0.0,10.7,100.0,0.309,
2025-12-26 04:00:00,0.0,0.0,9.9,100.0,0.309,
2025-12-26 05:00:00,0.0,0.0,9.5,100.0,0.316,
2025-12-26 06:00:00,0.0,0.0,9.9,100.0,0.316,
2025-12-26 07:00:00,0.0,0.0,10.0,100.0,0.317,
2025-12-26 08:00:00,0.0,0.0,10.7,97.0,0.317,
2025-12-26 09:00:00,0.0,0.0,12.2,93.0,0.318,
2025-12-26 10:00:00,0.0,0.0,14.4,81.0,0.318,
2025-12-26 11:00:00,0.0,0.0,16.7,70.0,0.318,
2025-12-26 12:00:00,0.0,0.0,18.3,63.0,0.318,
2025-12-26 13:00:00,0.0,0.0,19.5,58.0,0.318,
2025-12-26 14:00:00,0.0,0.0,19.9,56.0,0.318,
2025-12-26 15:00:00,0.0,0.0,19.9,55.0,0.319,
2025-12-26 16:00:00,0.0,0.0,19.3,57.0,0.32,
2025-12-26 17:00:00,0.0,0.0,18.3,66.0,0.318,
2025-12-26 18:00:00,0.0,0.0,16.6,75.0,0.318,
2025-12-26 19:00:00,0.0,0.0,15.4,80.0,0.318,
2025-12-26 20:00:00,0.0,0.0,14.5,84.0,0.318,
2025-12-26 21:00:00,0.0,0.0,13.8,86.0,0.318,
2025-12-26 22:00:00,0.0,0.0,13.1,89.0,0.318,
2025-12-26 23:00:00,0.0,0.0,11.4,95.0,0.319,
2025-12-27 00:00:00,0.0,0.0,11.0,96.0,0.319,
2025-12-27 01:00:00,0.0,0.0,10.8,96.0,0.319,
2025-12-27 02:00:00,0.0,0.0,10.4,99.0,0.319,
2025-12-27 03:00:00,0.0,0.0,10.1,100.0,0.319,
2025-12-27 04:00:00,0.0,0.0,10.2,100.0,0.319,
2025-12-27 05:00:00,0.0,0.0,9.8,100.0,0.317,
2025-12-27 06:00:00,0.0,0.0,9.1,100.0,0.317,
2025-12-27 07:00:00,0.0,0.0,9.0,100.0,0.317,
2025-12-27 08:00:00,0.0,0.0,10.1,99.0,0.317,
2025-12-27 09:00:00,0.0,0.0,12.2,92.0,0.317,
2025-12-27 10:00:00,0.0,0.0,14.9,80.0,0.317,
2025-12-27 11:00:00,0.0,0.0,17.5,68.0,0.316,
2025-12-27 12:00:00,0.0,0.0,19.0,58.0,0.316,
2025-12-27 13:00:00,0.0,0.0,20.0,51.0,0.315,
2025-12-27 14:00:00,0.0,0.0,20.4,48.0,0.315,
2025-12-27 15:00:00,0.0,0.0,20.2,50.0,0.315,
2025-12-27 16:00:00,0.0,0.0,19.6,52.0,0.316,
2025-12-27 17:00:00,0.0,0.0,18.3,62.0,0.312,
2025-12-27 18:00:00,0.0,0.0,16.5,70.0,0.312,
2025-12-27 19:00:00,0.0,0.0,15.4,75.0,0.311,
2025-12-27 20:00:00,0.0,0.0,14.8,77.0,0.311,
2025-12-27 21:00:00,0.0,0.0,14.3,79.0,0.311,
2025-12-27 22:00:00,0.0,0.0,13.6,82.0,0.31,
2025-12-27 23:00:00,0.0,0.0,11.6,89.0,0.31,
2025-12-28 00:00:00,0.0,0.0,10.9,92.0,0.31,
2025-12-28 01:00:00,0.0,0.0,10.3,95.0,0.31,
2025-12-28 02:00:00,0.0,0.0,9.8,97.0,0.31,
2025-12-28 03:00:00,0.0,0.0,9.4,100.0,0.309,
2025-12-28 04:00:00,0.0,0.0,9.3,100.0,0.309,
2025-12-28 05:00:00,0.0,0.0,9.0,100.0,0.31,
2025-12-28 06:00:00,0.0,0.0,7.5,100.0,0.309,
2025-12-28 07:00:00,0.0,0.0,7.8,100.0,0.309,
2025-12-28 08:00:00,0.0,0.0,8.2,100.0,0.309,
2025-12-28 09:00:00,0.0,0.0,9.5,99.0,0.309,
2025-12-28 10:00:00,0.0,0.0,13.3,84.0,0.308,
2025-12-28 11:00:00,0.0,0.0,16.2,74.0,0.308,
2025-12-28 12:00:00,0.0,0.0,18.3,62.0,0.307,
2025-12-28 13:00:00,0.0,0.0,19.6,55.0,0.307,
2025-12-28 14:00:00,0.0,0.0,20.3,51.0,0.306,
2025-12-28 15:00:00,0.0,0.0,20.3,50.0,0.306,
2025-12-28 16:00:00,0.0,0.0,19.8,48.0,0.306,
2025-12-28 17:00:00,0.0,0.0,17.7,70.0,0.311,
2025-12-28 18:00:00,0.0,0.0,15.8,79.0,0.312,
2025-12-28 19:00:00,0.0,0.0,14.2,90.0,0.313,
2025-12-28 20:00:00,0.0,0.0,12.9,97.0,0.314,
2025-12-28 21:00:00,0.0,0.0,12.2,98.0,0.314,
2025-12-28 22:00:00,0.0,0.0,11.5,100.0,0.315,
2025-12-28 23:00:00,0.0,0.0,11.1,100.0,0.316,
2025-12-29 00:00:00,0.0,0.0,10.9,100.0,0.316,
2025-12-29 01:00:00,0.0,0.0,10.6,100.0,0.317,
2025-12-29 02:00:00,0.0,0.0,9.9,100.0,0.318,
2025-12-29 03:00:00,0.0,0.0,9.9,100.0,0.318,
2025-12-29 04:00:00,0.0,0.0,9.8,100.0,0.319,
2025-12-29 05:00:00,0.0,0.0,10.0,100.0,0.323,
2025-12-29 06:00:00,0.0,0.0,10.0,100.0,0.323,
2025-12-29 07:00:00,0.0,0.0,10.0,100.0,0.324,
2025-12-29 08:00:00,0.0,0.0,9.8,100.0,0.324,
2025-12-29 09:00:00,0.0,0.0,10.4,100.0,0.325,
2025-12-29 10:00:00,0.0,0.0,11.9,95.0,0.325,
2025-12-29 11:00:00,0.0,0.0,11.7,96.0,0.325,
2025-12-29 12:00:00,0.0,0.0,13.6,88.0,0.325,
2025-12-29 13:00:00,0.0,0.0,14.5,84.0,0.326,
2025-12-29 14:00:00,0.0,0.0,15.2,83.0,0.326,
2025-12-29 15:00:00,0.0,0.0,15.5,82.0,0.326,
2025-12-29 16:00:00,0.0,0.0,15.1,84.0,0.326,
2025-12-29 17:00:00,0.0,0.0,14.0,88.0,0.327,
2025-12-29 18:00:00,0.0,0.0,13.0,93.0,0.327,
2025-12-29 19:00:00,0.0,0.0,12.3,95.0,0.328,
2025-12-29 20:00:00,0.0,0.0,11.8,96.0,0.328,
2025-12-29 21:00:00,0.0,0.0,11.4,96.0,0.328,
2025-12-29 22:00:00,0.0,0.0,10.9,97.0,0.328,
2025-12-29 23:00:00,0.0,0.0,10.6,96.0,0.329,
2025-12-30 00:00:00,0.0,0.0,10.4,94.0,0.329,
2025-12-30 01:00:00,0.0,0.0,10.3,93.0,0.329,
2025-12-30 02:00:00,0.0,0.0,10.4,90.0,0.329,
2025-12-30 03:00:00,0.0,0.0,9.8,92.0,0.329,
2025-12-30 04:00:00,0.0,0.0,9.6,92.0,0.329,
2025-12-30 05:00:00,0.0,0.0,9.8,94.0,0.334,
2025-12-30 06:00:00,0.0,0.0,9.6,96.0,0.334,
2025-12-30 07:00:00,0.0,0.0,9.4,97.0,0.334,
2025-12-30 08:00:00,0.0,0.0,9.8,96.0,0.334,
2025-12-30 09:00:00,0.0,0.0,10.9,91.0,0.334,
2025-12-30 10:00:00,0.0,0.0,12.3,85.0,0.333,
2025-12-30 11:00:00,0.0,0.0,14.7,76.0,0.332,
2025-12-30 12:00:00,0.0,0.0,16.5,68.0,0.332,
2025-12-30 13:00:00,0.0,0.0,17.8,64.0,0.331,
2025-12-30 14:00:00,0.0,0.0,18.8,59.0,0.33,
2025-12-30 15:00:00,0.0,0.0,19.0,56.0,0.33,
2025-12-30 16:00:00,0.0,0.0,18.6,57.0,0.33,
2025-12-30 17:00:00,0.0,0.0,18.1,61.0,0.32,
2025-12-30 18:00:00,0.0,0.0,16.8,66.0,0.319,
2025-12-30 19:00:00,0.0,0.0,15.2,74.0,0.318,
2025-12-30 20:00:00,0.0,0.0,13.6,84.0,0.317,
2025-12-30 21:00:00,0.0,0.0,12.2,92.0,0.317,
2025-12-30 22:00:00,0.0,0.0,11.4,96.0,0.316,
2025-12-30 23:00:00,0.0,0.0,10.2,100.0,0.319,
2025-12-31 00:00:00,0.0,0.0,10.2,100.0,0.319,
2025-12-31 01:00:00,0.0,0.0,9.9,100.0,0.319,
2025-12-31 02:00:00,0.0,0.0,9.6,100.0,0.318,
2025-12-31 03:00:00,0.0,0.0,9.3,100.0,0.318,
2025-12-31 04:00:00,0.0,0.0,9.1,100.0,0.318,
2025-12-31 05:00:00,0.0,0.0,8.9,100.0,0.318,
2025-12-31 06:00:00,0.0,0.0,9.1,100.0,0.318,
2025-12-31 07:00:00,0.0,0.0,9.3,100.0,0.317,
2025-12-31 08:00:00,0.0,0.0,9.4,100.0,0.317,
2025-12-31 09:00:00,0.0,0.0,9.9,99.0,0.317,
2025-12-31 10:00:00,0.0,0.0,11.0,95.0,0.316,
2025-12-31 11:00:00,0.0,0.0,11.0,93.0,0.315,
2025-12-31 12:00:00,0.0,0.0,13.1,85.0,0.315,
2025-12-31 13:00:00,0.0,0.0,13.7,85.0,0.314,
2025-12-31 14:00:00,0.0,0.0,14.6,82.0,0.314,
2025-12-31 15:00:00,0.0,0.0,15.5,77.0,0.314,
2025-12-31 16:00:00,0.0,0.0,15.8,75.0,0.313,
2025-12-31 17:00:00,0.0,0.0,14.1,87.0,0.315,
2025-12-31 18:00:00,0.0,0.0,13.4,91.0,0.316,
2025-12-31 19:00:00,0.0,0.0,12.8,95.0,0.316,
2025-12-31 20:00:00,0.0,0.0,12.5,95.0,0.316,
2025-12-31 21:00:00,0.0,0.0,12.3,96.0,0.317,
2025-12-31 22:00:00,0.0,0.0,12.2,95.0,0.317,
2025-12-31 23:00:00,0.0,0.0,11.8,96.0,0.316,
2026-01-01 00:00:00,0.0,0.0,11.8,95.0,0.316,
2026-01-01 01:00:00,0.0,0.0,11.6,95.0,0.316,
2026-01-01 02:00:00,0.0,0.0,11.5,95.0,0.316,
2026-01-01 03:00:00,0.0,0.0,11.5,94.0,0.317,
2026-01-01 04:00:00,0.1,0.0,11.5,94.0,0.317,
2026-01-01 05:00:00,0.9,0.0,11.6,95.0,0.328,
2026-01-01 06:00:00,0.0,0.0,11.4,95.0,0.325,
2026-01-01 07:00:00,0.0,0.0,11.2,96.0,0.325,
2026-01-01 08:00:00,0.0,0.0,11.9,94.0,0.324,
2026-01-01 09:00:00,0.0,0.0,13.3,89.0,0.323,
2026-01-01 10:00:00,0.0,0.0,14.7,83.0,0.323,
2026-01-01 11:00:00,0.0,0.0,14.9,80.0,0.321,
2026-01-01 12:00:00,0.0,0.0,16.1,77.0,0.321,
2026-01-01 13:00:00,0.0,0.0,16.9,74.0,0.32,
2026-01-01 14:00:00,0.0,0.0,17.2,73.0,0.32,
2026-01-01 15:00:00,0.0,0.0,17.4,74.0,0.32,
2026-01-01 16:00:00,0.0,0.0,17.3,76.0,0.32,
2026-01-01 17:00:00,0.0,0.0,15.9,82.0,0.323,
2026-01-01 18:00:00,0.0,0.0,15.5,86.0,0.323,
2026-01-01 19:00:00,0.0,0.0,15.0,89.0,0.324,
2026-01-01 20:00:00,0.0,0.0,14.6,91.0,0.324,
2026-01-01 21:00:00,0.0,0.0,14.0,94.0,0.325,
2026-01-01 22:00:00,0.0,0.0,13.5,94.0,0.325,
2026-01-01 23:00:00,0.0,0.0,13.0,94.0,0.324,
2026-01-02 00:00:00,0.0,0.0,12.9,94.0,0.324,
2026-01-02 01:00:00,0.0,0.0,12.9,95.0,0.324,
2026-01-02 02:00:00,0.0,0.0,12.8,96.0,0.324,
2026-01-02 03:00:00,0.0,0.0,12.5,97.0,0.324,
2026-01-02 04:00:00,0.0,0.0,12.4,95.0,0.324,
2026-01-02 05:00:00,0.0,0.0,12.6,95.0,0.33,
2026-01-02 06:00:00,0.0,0.0,12.3,96.0,0.33,
2026-01-02 07:00:00,0.0,0.0,11.9,96.0,0.33,
2026-01-02 08:00:00,0.0,0.0,12.2,94.0,0.33,
2026-01-02 09:00:00,0.0,0.0,13.3,87.0,0.329,
2026-01-02 10:00:00,0.0,0.0,14.9,78.0,0.328,
2026-01-02 11:00:00,0.0,0.0,15.2,75.0,0.327,
2026-01-02 12:00:00,0.0,0.0,16.0,70.0,0.326,
2026-01-02 13:00:00,0.0,0.0,16.6,65.0,0.325,
2026-01-02 14:00:00,0.0,0.0,16.9,63.0,0.324,
2026-01-02 15:00:00,0.0,0.0,17.1,61.0,0.324,
2026-01-02 16:00:00,0.0,0.0,16.7,62.0,0.324,
2026-01-02 17:00:00,0.0,0.0,15.1,70.0,0.327,
2026-01-02 18:00:00,0.0,0.0,14.1,78.0,0.328,
2026-01-02 19:00:00,0.0,0.0,13.3,83.0,0.328,
2026-01-02 20:00:00,0.0,0.0,12.7,87.0,0.328,
2026-01-02 21:00:00,0.0,0.0,12.2,90.0,0.329,
2026-01-02 22:00:00,0.0,0.0,11.8,91.0,0.329,
2026-01-02 23:00:00,0.0,0.0,11.4,91.0,0.324,
2026-01-03 00:00:00,0.0,0.0,11.0,92.0,0.324,
2026-01-03 01:00:00,0.0,0.0,10.8,93.0,0.323,
2026-01-03 02:00:00,0.0,0.0,10.5,94.0,0.323,
2026-01-03 03:00:00,0.0,0.0,10.2,94.0,0.323,
2026-01-03 04:00:00,0.0,0.0,10.0,95.0,0.322,
2026-01-03 05:00:00,0.0,0.0,9.9,95.0,0.325,
2026-01-03 06:00:00,0.0,0.0,9.6,95.0,0.325,
2026-01-03 07:00:00,0.0,0.0,9.5,96.0,0.325,
2026-01-03 08:00:00,0.0,0.0,10.2,94.0,0.324,
2026-01-03 09:00:00,0.0,0.0,11.9,87.0,0.324,
2026-01-03 10:00:00,0.0,0.0,13.4,79.0,0.323,
2026-01-03 11:00:00,0.0,0.0,14.1,70.0,0.32,
2026-01-03 12:00:00,0.0,0.0,15.0,66.0,0.319,
2026-01-03 13:00:00,0.0,0.0,15.2,63.0,0.318,
2026-01-03 14:00:00,0.0,0.0,15.4,63.0,0.317,
2026-01-03 15:00:00,0.0,0.0,15.3,62.0,0.317,
2026-01-03 16:00:00,0.0,0.0,15.1,63.0,0.317,
2026-01-03 17:00:00,0.0,0.0,15.1,65.0,0.318,
2026-01-03 18:00:00,0.0,0.0,14.6,72.0,0.318,
2026-01-03 19:00:00,0.0,0.0,14.2,73.0,0.319,
2026-01-03 20:00:00,0.0,0.0,14.0,74.0,0.319,
2026-01-03 21:00:00,0.0,0.0,13.5,78.0,0.319,
2026-01-03 22:00:00,0.0,0.0,13.1,82.0,0.319,
2026-01-03 23:00:00,0.0,0.0,12.4,85.0,0.319,
2026-01-04 00:00:00,0.0,0.0,12.1,86.0,0.319,
2026-01-04 01:00:00,0.0,0.0,11.8,87.0,0.319,
2026-01-04 02:00:00,0.0,0.0,11.6,88.0,0.319,
2026-01-04 03:00:00,0.0,0.0,11.3,88.0,0.319,
2026-01-04 04:00:00,0.0,0.0,11.1,88.0,0.319,
2026-01-04 05:00:00,0.0,0.0,10.2,91.0,0.319,
2026-01-04 06:00:00,0.0,0.0,10.1,92.0,0.319,
2026-01-04 07:00:00,0.0,0.0,9.7,94.0,0.319,
2026-01-04 08:00:00,0.0,0.0,10.3,93.0,0.319,
2026-01-04 09:00:00,0.0,0.0,11.7,86.0,0.319,
2026-01-04 10:00:00,0.0,0.0,13.1,79.0,0.318,
2026-01-04 11:00:00,0.0,0.0,14.1,65.0,0.316,
2026-01-04 12:00:00,0.0,0.0,14.7,60.0,0.315,
2026-01-04 13:00:00,0.0,0.0,15.1,59.0,0.315,
2026-01-04 14:00:00,0.0,0.0,15.4,59.0,0.314,
2026-01-04 15:00:00,0.0,0.0,15.4,59.0,0.314,
2026-01-04 16:00:00,0.0,0.0,15.1,60.0,0.314,
2026-01-04 17:00:00,0.0,0.0,14.3,67.0,0.318,
2026-01-04 18:00:00,0.0,0.0,13.6,75.0,0.319,
2026-01-04 19:00:00,0.0,0.0,13.1,79.0,0.32,
2026-01-04 20:00:00,0.0,0.0,12.6,82.0,0.321,
2026-01-04 21:00:00,0.0,0.0,12.2,84.0,0.321,
2026-01-04 22:00:00,0.0,0.0,12.0,85.0,0.322,
2026-01-04 23:00:00,0.0,0.0,10.8,90.0,0.323,
2026-01-05 00:00:00,0.0,0.0,10.5,92.0,0.323,
2026-01-05 01:00:00,0.0,0.0,10.2,93.0,0.324,
2026-01-05 02:00:00,0.0,0.0,9.8,95.0,0.325,
2026-01-05 03:00:00,0.0,0.0,9.2,97.0,0.325,
2026-01-05 04:00:00,0.0,0.0,8.8,97.0,0.326,
2026-01-05 05:00:00,0.0,0.0,8.6,96.0,0.324,
2026-01-05 06:00:00,0.0,0.0,8.3,96.0,0.325,
2026-01-05 07:00:00,0.0,0.0,8.2,96.0,0.326,
2026-01-05 08:00:00,0.0,0.0,9.0,94.0,0.326,
2026-01-05 09:00:00,0.0,0.0,11.1,86.0,0.327,
2026-01-05 10:00:00,0.0,0.0,13.0,77.0,0.327,
2026-01-05 11:00:00,0.0,0.0,14.3,68.0,0.327,
2026-01-05 12:00:00,0.0,0.0,15.5,64.0,0.327,
2026-01-05 13:00:00,0.0,0.0,16.4,60.0,0.327,
2026-01-05 14:00:00,0.0,0.0,16.9,58.0,0.327,
2026-01-05 15:00:00,0.0,0.0,17.0,59.0,0.327,
2026-01-05 16:00:00,0.0,0.0,16.6,62.0,0.328,
2026-01-05 17:00:00,0.0,0.0,15.8,70.0,0.329,
2026-01-05 18:00:00,0.0,0.0,14.7,79.0,0.329,
2026-01-05 19:00:00,0.0,0.0,14.0,83.0,0.33,
2026-01-05 20:00:00,0.0,0.0,13.3,87.0,0.33,
2026-01-05 21:00:00,0.0,0.0,13.0,87.0,0.331,
2026-01-05 22:00:00,0.0,0.0,12.8,88.0,0.331,
2026-01-05 23:00:00,0.0,0.0,11.3,93.0,0.332,
2026-01-06 00:00:00,0.0,0.0,11.1,95.0,0.332,
2026-01-06 01:00:00,0.0,0.0,10.9,96.0,0.332,
2026-01-06 02:00:00,0.0,0.0,10.4,97.0,0.333,
2026-01-06 03:00:00,0.0,0.0,10.2,97.0,0.333,
2026-01-06 04:00:00,0.0,0.0,10.1,97.0,0.333,
2026-01-06 05:00:00,0.0,0.0,9.8,97.0,0.336,
2026-01-06 06:00:00,0.0,0.0,9.6,97.0,0.336,
2026-01-06 07:00:00,0.0,0.0,9.4,98.0,0.336,
2026-01-06 08:00:00,0.0,0.0,10.2,95.0,0.336,
2026-01-06 09:00:00,0.0,0.0,11.6,89.0,0.336,
2026-01-06 10:00:00,0.0,0.0,13.4,80.0,0.335,
2026-01-06 11:00:00,0.0,0.0,13.6,77.0,0.335,
2026-01-06 12:00:00,0.0,0.0,15.1,70.0,0.334,
2026-01-06 13:00:00,0.0,0.0,16.0,65.0,0.333,
2026-01-06 14:00:00,0.0,0.0,16.5,65.0,0.333,
2026-01-06 15:00:00,0.0,0.0,16.6,65.0,0.333,
2026-01-06 16:00:00,0.0,0.0,16.2,67.0,0.333,
2026-01-06 17:00:00,0.0,0.0,14.0,74.0,0.334,
2026-01-06 18:00:00,0.0,0.0,13.0,82.0,0.334,
2026-01-06 19:00:00,0.0,0.0,12.1,87.0,0.334,
2026-01-06 20:00:00,0.0,0.0,11.5,91.0,0.335,
2026-01-06 21:00:00,0.0,0.0,11.0,93.0,0.335,
2026-01-06 22:00:00,0.0,0.0,10.6,95.0,0.335,
2026-01-06 23:00:00,0.0,0.0,10.2,95.0,0.335,
2026-01-07 00:00:00,0.0,0.0,9.9,96.0,0.336,
2026-01-07 01:00:00,0.0,0.0,9.7,96.0,0.336,
2026-01-07 02:00:00,0.0,0.0,9.4,96.0,0.336,
2026-01-07 03:00:00,0.0,0.0,9.1,97.0,0.336,
2026-01-07 04:00:00,0.0,0.0,9.0,97.0,0.336,
2026-01-07 05:00:00,0.0,0.0,9.2,97.0,0.347,
2026-01-07 06:00:00,0.0,0.0,9.1,97.0,0.347,
2026-01-07 07:00:00,0.0,0.0,9.0,96.0,0.346,
2026-01-07 08:00:00,0.0,0.0,9.2,94.0,0.345,
2026-01-07 09:00:00,0.0,0.0,10.1,90.0,0.345,
2026-01-07 10:00:00,0.0,0.0,11.3,83.0,0.344,
2026-01-07 11:00:00,0.0,0.0,12.0,77.0,0.343,
2026-01-07 12:00:00,0.0,0.0,13.3,72.0,0.342,
2026-01-07 13:00:00,0.0,0.0,14.3,67.0,0.341,
2026-01-07 14:00:00,0.0,0.0,14.8,66.0,0.34,
2026-01-07 15:00:00,0.0,0.0,14.9,67.0,0.34,
2026-01-07 16:00:00,0.0,0.0,14.6,70.0,0.34,
2026-01-07 17:00:00,0.0,0.0,13.7,72.0,0.334,
2026-01-07 18:00:00,0.0,0.0,12.6,79.0,0.333,
2026-01-07 19:00:00,0.0,0.0,11.7,84.0,0.333,
2026-01-07 20:00:00,0.0,0.0,11.0,86.0,0.333,
2026-01-07 21:00:00,0.0,0.0,10.6,87.0,0.333,
2026-01-07 22:00:00,0.0,0.0,10.3,88.0,0.332,
2026-01-07 23:00:00,0.0,0.0,9.3,90.0,0.328,
2026-01-08 00:00:00,0.0,0.0,8.8,91.0,0.328,
2026-01-08 01:00:00,0.0,0.0,8.3,92.0,0.327,
2026-01-08 02:00:00,0.0,0.0,7.9,93.0,0.327,
2026-01-08 03:00:00,0.0,0.0,7.5,93.0,0.326,
2026-01-08 04:00:00,0.0,0.0,7.2,94.0,0.326,
2026-01-08 05:00:00,0.0,0.0,6.4,95.0,0.327,
2026-01-08 06:00:00,0.0,0.0,6.3,95.0,0.327,
2026-01-08 07:00:00,0.0,0.0,6.4,94.0,0.327,
2026-01-08 08:00:00,0.0,0.0,7.1,88.0,0.326,
2026-01-08 09:00:00,0.0,0.0,7.9,81.0,0.325,
2026-01-08 10:00:00,0.0,0.0,8.9,78.0,0.325,
2026-01-08 11:00:00,0.0,0.0,9.8,76.0,0.324,
2026-01-08 12:00:00,0.0,0.0,11.2,72.0,0.324,
2026-01-08 13:00:00,0.0,0.0,12.5,67.0,0.323,
2026-01-08 14:00:00,0.0,0.0,13.2,65.0,0.322,
2026-01-08 15:00:00,0.0,0.0,13.5,66.0,0.322,
2026-01-08 16:00:00,0.0,0.0,13.2,68.0,0.322,
2026-01-08 17:00:00,0.0,0.0,13.6,71.0,0.32,
2026-01-08 18:00:00,0.0,0.0,12.6,74.0,0.32,
2026-01-08 19:00:00,0.0,0.0,11.7,79.0,0.32,
2026-01-08 20:00:00,0.0,0.0,10.8,83.0,0.319,
2026-01-08 21:00:00,0.0,0.0,10.0,89.0,0.319,
2026-01-08 22:00:00,0.0,0.0,9.0,94.0,0.319,
2026-01-08 23:00:00,0.0,0.0,8.6,95.0,0.318,
2026-01-09 00:00:00,0.0,0.0,8.5,95.0,0.317,
2026-01-09 01:00:00,0.0,0.0,8.4,95.0,0.317,
2026-01-09 02:00:00,0.0,0.0,8.2,95.0,0.317,
2026-01-09 03:00:00,0.0,0.0,8.1,93.0,0.316,
2026-01-09 04:00:00,0.0,0.0,7.9,93.0,0.316,
2026-01-09 05:00:00,0.0,0.0,7.6,94.0,0.311,
2026-01-09 06:00:00,0.0,0.0,7.3,94.0,0.311,
2026-01-09 07:00:00,0.0,0.0,7.3,94.0,0.311,
2026-01-09 08:00:00,0.0,0.0,8.0,92.0,0.311,
2026-01-09 09:00:00,0.0,0.0,9.6,84.0,0.311,
2026-01-09 10:00:00,0.0,0.0,11.3,77.0,0.31,
2026-01-09 11:00:00,0.0,0.0,12.3,73.0,0.31,
2026-01-09 12:00:00,0.0,0.0,13.6,65.0,0.309,
2026-01-09 13:00:00,0.0,0.0,14.4,66.0,0.308,
2026-01-09 14:00:00,0.0,0.0,15.1,66.0,0.308,
2026-01-09 15:00:00,0.0,0.0,15.5,61.0,0.308,
2026-01-09 16:00:00,0.0,0.0,15.2,63.0,0.308,
2026-01-09 17:00:00,0.0,0.0,15.8,65.0,0.304,
2026-01-09 18:00:00,0.0,0.0,14.4,72.0,0.304,
2026-01-09 19:00:00,0.0,0.0,12.8,81.0,0.304,
2026-01-09 20:00:00,0.0,0.0,11.5,88.0,0.304,
2026-01-09 21:00:00,0.0,0.0,10.9,90.0,0.304,
2026-01-09 22:00:00,0.0,0.0,10.6,89.0,0.303,
2026-01-09 23:00:00,0.0,0.0,9.7,91.0,0.302,
2026-01-10 00:00:00,0.0,0.0,9.2,93.0,0.302,
2026-01-10 01:00:00,0.0,0.0,8.7,94.0,0.302,
2026-01-10 02:00:00,0.0,0.0,8.4,95.0,0.302,
2026-01-10 03:00:00,0.0,0.0,8.1,96.0,0.301,
2026-01-10 04:00:00,0.0,0.0,7.8,96.0,0.301,
2026-01-10 05:00:00,0.0,0.0,7.5,97.0,0.3,
2026-01-10 06:00:00,0.0,0.0,7.1,97.0,0.3,
2026-01-10 07:00:00,0.0,0.0,6.8,97.0,0.299,
2026-01-10 08:00:00,0.0,0.0,7.8,94.0,0.299,
2026-01-10 09:00:00,0.0,0.0,10.3,82.0,0.299,
2026-01-10 10:00:00,0.0,0.0,12.8,69.0,0.297,
2026-01-10 11:00:00,0.0,0.0,14.4,63.0,0.296,
2026-01-10 12:00:00,0.0,0.0,16.2,54.0,0.294,
2026-01-10 13:00:00,0.0,0.0,17.6,48.0,0.292,
2026-01-10 14:00:00,0.0,0.0,18.2,45.0,0.291,
2026-01-10 15:00:00,0.0,0.0,18.2,44.0,0.291,
2026-01-10 16:00:00,0.0,0.0,17.6,48.0,0.291,
2026-01-10 17:00:00,0.0,0.0,17.0,53.0,0.287,
2026-01-10 18:00:00,0.0,0.0,15.1,63.0,0.288,
2026-01-10 19:00:00,0.0,0.0,13.7,71.0,0.289,
2026-01-10 20:00:00,0.0,0.0,12.7,77.0,0.289,
2026-01-10 21:00:00,0.0,0.0,11.9,82.0,0.289,
2026-01-10 22:00:00,0.0,0.0,11.2,84.0,0.29,
2026-01-10 23:00:00,0.0,0.0,9.9,88.0,0.29,
2026-01-11 00:00:00,0.0,0.0,9.3,89.0,0.29,
2026-01-11 01:00:00,0.0,0.0,8.8,91.0,0.29,
2026-01-11 02:00:00,0.0,0.0,8.4,92.0,0.29,
2026-01-11 03:00:00,0.0,0.0,7.9,93.0,0.29,
2026-01-11 04:00:00,0.0,0.0,7.5,94.0,0.29,
2026-01-11 05:00:00,0.0,0.0,6.6,95.0,0.289,
2026-01-11 06:00:00,0.0,0.0,6.3,95.0,0.289,
2026-01-11 07:00:00,0.0,0.0,6.0,95.0,0.289,
2026-01-11 08:00:00,0.0,0.0,6.9,91.0,0.289,
2026-01-11 09:00:00,0.0,0.0,9.2,79.0,0.288,
2026-01-11 10:00:00,0.0,0.0,11.7,66.0,0.287,
2026-01-11 11:00:00,0.0,0.0,12.8,56.0,0.285,
2026-01-11 12:00:00,0.0,0.0,14.9,50.0,0.283,
2026-01-11 13:00:00,0.0,0.0,16.2,45.0,0.281,
2026-01-11 14:00:00,0.0,0.0,16.9,42.0,0.28,
2026-01-11 15:00:00,0.0,0.0,17.0,43.0,0.28,
2026-01-11 16:00:00,0.0,0.0,16.4,47.0,0.28,
2026-01-11 17:00:00,0.0,0.0,15.5,52.0,0.279,
2026-01-11 18:00:00,0.0,0.0,13.7,61.0,0.28,
2026-01-11 19:00:00,0.0,0.0,12.3,68.0,0.281,
2026-01-11 20:00:00,0.0,0.0,11.2,73.0,0.281,
2026-01-11 21:00:00,0.0,0.0,10.4,75.0,0.282,
2026-01-11 22:00:00,0.0,0.0,9.7,76.0,0.282,
2026-01-11 23:00:00,0.0,0.0,8.1,83.0,0.283,
2026-01-12 00:00:00,0.0,0.0,7.5,86.0,0.283,
2026-01-12 01:00:00,0.0,0.0,6.9,88.0,0.283,
2026-01-12 02:00:00,0.0,0.0,6.4,90.0,0.283,
2026-01-12 03:00:00,0.0,0.0,6.0,91.0,0.284,
2026-01-12 04:00:00,0.0,0.0,5.5,93.0,0.284,
2026-01-12 05:00:00,0.0,0.0,5.1,96.0,0.289,
2026-01-12 06:00:00,0.0,0.0,4.6,96.0,0.289,
2026-01-12 07:00:00,0.0,0.0,4.2,97.0,0.289,
2026-01-12 08:00:00,0.0,0.0,5.3,94.0,0.289,
2026-01-12 09:00:00,0.0,0.0,8.1,84.0,0.288,
2026-01-12 10:00:00,0.0,0.0,11.1,69.0,0.286,
2026-01-12 11:00:00,0.0,0.0,12.9,55.0,0.284,
2026-01-12 12:00:00,0.0,0.0,15.0,46.0,0.282,
2026-01-12 13:00:00,0.0,0.0,16.5,40.0,0.28,
2026-01-12 14:00:00,0.0,0.0,17.3,38.0,0.278,
2026-01-12 15:00:00,0.0,0.0,17.6,37.0,0.277,
2026-01-12 16:00:00,0.0,0.0,17.2,39.0,0.277,
2026-01-12 17:00:00,0.0,0.0,16.3,45.0,0.276,
2026-01-12 18:00:00,0.0,0.0,14.1,57.0,0.278,
2026-01-12 19:00:00,0.0,0.0,12.5,65.0,0.278,
2026-01-12 20:00:00,0.0,0.0,11.7,68.0,0.279,
2026-01-12 21:00:00,0.0,0.0,11.2,69.0,0.28,
2026-01-12 22:00:00,0.0,0.0,10.8,70.0,0.28,
2026-01-12 23:00:00,0.0,0.0,9.1,79.0,0.281,
2026-01-13 00:00:00,0.0,0.0,8.5,82.0,0.281,
2026-01-13 01:00:00,0.0,0.0,7.9,85.0,0.282,
2026-01-13 02:00:00,0.0,0.0,7.5,87.0,0.282,
2026-01-13 03:00:00,0.0,0.0,7.0,89.0,0.282,
2026-01-13 04:00:00,0.0,0.0,6.4,92.0,0.282,
2026-01-13 05:00:00,0.0,0.0,5.6,95.0,0.28,
2026-01-13 06:00:00,0.0,0.0,5.2,97.0,0.28,
2026-01-13 07:00:00,0.0,0.0,4.8,99.0,0.281,
2026-01-13 08:00:00,0.0,0.0,5.7,97.0,0.281,
2026-01-13 09:00:00,0.0,0.0,8.0,88.0,0.28,
2026-01-13 10:00:00,0.0,0.0,12.1,69.0,0.279,
2026-01-13 11:00:00,0.0,0.0,15.3,53.0,0.277,
2026-01-13 12:00:00,0.0,0.0,17.3,47.0,0.275,
2026-01-13 13:00:00,0.0,0.0,18.7,45.0,0.273,
2026-01-13 14:00:00,0.0,0.0,19.2,45.0,0.272,
2026-01-13 15:00:00,0.0,0.0,19.1,46.0,0.271,
2026-01-13 16:00:00,0.0,0.0,18.4,48.0,0.271,
2026-01-13 17:00:00,0.0,0.0,17.5,53.0,0.271,
2026-01-13 18:00:00,0.0,0.0,15.1,64.0,0.272,
2026-01-13 19:00:00,0.0,0.0,13.3,71.0,0.273,
2026-01-13 20:00:00,0.0,0.0,11.8,76.0,0.274,
2026-01-13 21:00:00,0.0,0.0,10.6,79.0,0.274,
2026-01-13 22:00:00,0.0,0.0,9.6,80.0,0.275,
2026-01-13 23:00:00,0.0,0.0,8.1,86.0,0.275,
2026-01-14 00:00:00,0.0,0.0,7.4,87.0,0.275,
2026-01-14 01:00:00,0.0,0.0,6.7,88.0,0.275,
2026-01-14 02:00:00,0.0,0.0,5.9,90.0,0.276,
2026-01-14 03:00:00,0.0,0.0,5.3,91.0,0.276,
2026-01-14 04:00:00,0.0,0.0,4.8,93.0,0.276,
2026-01-14 05:00:00,0.0,0.0,4.4,95.0,0.269,
2026-01-14 06:00:00,0.0,0.0,3.9,96.0,0.27,
2026-01-14 07:00:00,0.0,0.0,3.5,98.0,0.27,
2026-01-14 08:00:00,0.0,0.0,4.8,97.0,0.27,
2026-01-14 09:00:00,0.0,0.0,6.8,88.0,0.27,
2026-01-14 10:00:00,0.0,0.0,9.8,72.0,0.269,
2026-01-14 11:00:00,0.0,0.0,13.2,52.0,0.267,
2026-01-14 12:00:00,0.0,0.0,15.4,42.0,0.265,
2026-01-14 13:00:00,0.0,0.0,16.8,36.0,0.263,
2026-01-14 14:00:00,0.0,0.0,17.5,34.0,0.262,
2026-01-14 15:00:00,0.0,0.0,17.7,36.0,0.261,
2026-01-14 16:00:00,0.0,0.0,17.2,39.0,0.261,
2026-01-14 17:00:00,0.0,0.0,15.6,50.0,0.264,
2026-01-14 18:00:00,0.0,0.0,13.4,62.0,0.266,
2026-01-14 19:00:00,0.0,0.0,11.8,72.0,0.267,
2026-01-14 20:00:00,0.0,0.0,10.6,80.0,0.268,
2026-01-14 21:00:00,0.0,0.0,9.5,88.0,0.269,
2026-01-14 22:00:00,0.0,0.0,8.6,93.0,0.269,
2026-01-14 23:00:00,0.0,0.0,7.9,95.0,0.27,
2026-01-15 00:00:00,0.0,0.0,7.2,96.0,0.27,
2026-01-15 01:00:00,0.0,0.0,6.8,96.0,0.271,
2026-01-15 02:00:00,0.0,0.0,6.3,96.0,0.271,
2026-01-15 03:00:00,0.0,0.0,5.8,96.0,0.271,
2026-01-15 04:00:00,0.0,0.0,5.6,95.0,0.272,
2026-01-15 05:00:00,0.0,0.0,4.8,97.0,0.273,
2026-01-15 06:00:00,0.0,0.0,4.4,98.0,0.273,
2026-01-15 07:00:00,0.0,0.0,3.9,99.0,0.273,
2026-01-15 08:00:00,0.0,0.0,4.9,98.0,0.273,
2026-01-15 09:00:00,0.0,0.0,7.0,91.0,0.273,
2026-01-15 10:00:00,0.0,0.0,8.8,83.0,0.272,
2026-01-15 11:00:00,0.0,0.0,11.9,71.0,0.271,
2026-01-15 12:00:00,0.0,0.0,14.5,58.0,0.269,
2026-01-15 13:00:00,0.0,0.0,16.5,48.0,0.267,
2026-01-15 14:00:00,0.0,0.0,17.6,46.0,0.266,
2026-01-15 15:00:00,0.0,0.0,18.0,45.0,0.265,
2026-01-15 16:00:00,0.0,0.0,17.5,46.0,0.265,
2026-01-15 17:00:00,0.0,0.0,16.1,57.0,0.267,
2026-01-15 18:00:00,0.0,0.0,14.0,68.0,0.268,
2026-01-15 19:00:00,0.0,0.0,12.6,76.0,0.269,
2026-01-15 20:00:00,0.0,0.0,11.6,81.0,0.27,
2026-01-15 21:00:00,0.0,0.0,10.8,83.0,0.271,
2026-01-15 22:00:00,0.0,0.0,10.2,85.0,0.271,
2026-01-15 23:00:00,0.0,0.0,9.3,87.0,0.271,
2026-01-16 00:00:00,0.0,0.0,8.7,89.0,0.272,
2026-01-16 01:00:00,0.0,0.0,8.3,89.0,0.272,
2026-01-16 02:00:00,0.0,0.0,7.9,90.0,0.273,
2026-01-16 03:00:00,0.0,0.0,7.6,90.0,0.273,
2026-01-16 04:00:00,0.0,0.0,7.2,90.0,0.273,
2026-01-16 05:00:00,0.0,0.0,5.6,97.0,0.273,
2026-01-16 06:00:00,0.0,0.0,5.4,97.0,0.274,
2026-01-16 07:00:00,0.0,0.0,5.1,97.0,0.274,
2026-01-16 08:00:00,0.0,0.0,6.2,96.0,0.274,
2026-01-16 09:00:00,0.0,0.0,9.6,86.0,0.273,
2026-01-16 10:00:00,0.0,0.0,13.0,71.0,0.272,
2026-01-16 11:00:00,0.0,0.0,15.2,57.0,0.27,
2026-01-16 12:00:00,0.0,0.0,17.5,49.0,0.267,
2026-01-16 13:00:00,0.0,0.0,19.0,43.0,0.265,
2026-01-16 14:00:00,0.0,0.0,19.9,40.0,0.263,
2026-01-16 15:00:00,0.0,0.0,19.9,42.0,0.263,
2026-01-16 16:00:00,0.0,0.0,19.2,46.0,0.263,
2026-01-16 17:00:00,0.0,0.0,17.9,57.0,0.264,
2026-01-16 18:00:00,0.0,0.0,15.6,69.0,0.266,
2026-01-16 19:00:00,0.0,0.0,13.9,76.0,0.267,
2026-01-16 20:00:00,0.0,0.0,12.4,82.0,0.268,
2026-01-16 21:00:00,0.0,0.0,11.3,87.0,0.268,
2026-01-16 22:00:00,0.0,0.0,10.5,89.0,0.269,
2026-01-16 23:00:00,0.0,0.0,9.4,94.0,0.269,
2026-01-17 00:00:00,0.0,0.0,8.8,95.0,0.27,
2026-01-17 01:00:00,0.0,0.0,8.1,97.0,0.27,
2026-01-17 02:00:00,0.0,0.0,7.3,100.0,0.271,
2026-01-17 03:00:00,0.0,0.0,6.8,100.0,0.271,
2026-01-17 04:00:00,0.0,0.0,6.1,100.0,0.271,
2026-01-17 05:00:00,0.0,0.0,5.9,100.0,0.279,
2026-01-17 06:00:00,0.0,0.0,5.9,100.0,0.279,
2026-01-17 07:00:00,0.0,0.0,5.7,100.0,0.279,
2026-01-17 08:00:00,0.0,0.0,5.9,100.0,0.278,
2026-01-17 09:00:00,0.0,0.0,8.3,94.0,0.278,
2026-01-17 10:00:00,0.0,0.0,12.7,80.0,0.276,
2026-01-17 11:00:00,0.0,0.0,16.1,65.0,0.274,
2026-01-17 12:00:00,0.0,0.0,18.6,61.0,0.272,
2026-01-17 13:00:00,0.0,0.0,20.3,57.0,0.27,
2026-01-17 14:00:00,0.0,0.0,21.0,57.0,0.269,
2026-01-17 15:00:00,0.0,0.0,21.1,59.0,0.269,
2026-01-17 16:00:00,0.0,0.0,20.3,62.0,0.269,
2026-01-17 17:00:00,0.0,0.0,19.6,65.0,0.267,
2026-01-17 18:00:00,0.0,0.0,17.3,76.0,0.268,
2026-01-17 19:00:00,0.0,0.0,15.9,81.0,0.269,
2026-01-17 20:00:00,0.0,0.0,14.9,84.0,0.27,
2026-01-17 21:00:00,0.0,0.0,14.0,87.0,0.27,
2026-01-17 22:00:00,0.0,0.0,13.1,90.0,0.27,
2026-01-17 23:00:00,0.0,0.0,11.6,96.0,0.271,
2026-01-18 00:00:00,0.0,0.0,10.7,99.0,0.271,
2026-01-18 01:00:00,0.0,0.0,10.5,99.0,0.271,
2026-01-18 02:00:00,0.0,0.0,9.9,100.0,0.272,
2026-01-18 03:00:00,0.0,0.0,9.5,100.0,0.272,
2026-01-18 04:00:00,0.0,0.0,9.2,100.0,0.272,
2026-01-18 05:00:00,0.0,0.0,8.7,100.0,0.271,
2026-01-18 06:00:00,0.0,0.0,8.4,100.0,0.271,
2026-01-18 07:00:00,0.0,0.0,8.1,100.0,0.271,
2026-01-18 08:00:00,0.0,0.0,8.5,100.0,0.271,
2026-01-18 09:00:00,0.0,0.0,10.9,92.0,0.271,
2026-01-18 10:00:00,0.0,0.0,14.7,77.0,0.269,
2026-01-18 11:00:00,0.0,0.0,18.0,63.0,0.267,
2026-01-18 12:00:00,0.0,0.0,19.7,59.0,0.264,
2026-01-18 13:00:00,0.0,0.0,20.9,58.0,0.262,
2026-01-18 14:00:00,0.0,0.0,21.5,55.0,0.261,
2026-01-18 15:00:00,0.0,0.0,21.6,52.0,0.26,
2026-01-18 16:00:00,0.0,0.0,21.1,54.0,0.26,
2026-01-18 17:00:00,0.0,0.0,19.9,64.0,0.262,
2026-01-18 18:00:00,0.0,0.0,18.2,74.0,0.264,
2026-01-18 19:00:00,0.0,0.0,17.1,80.0,0.265,
2026-01-18 20:00:00,0.0,0.0,16.3,83.0,0.266,
2026-01-18 21:00:00,0.0,0.0,15.7,84.0,0.266,
2026-01-18 22:00:00,0.0,0.0,15.0,86.0,0.267,
2026-01-18 23:00:00,0.0,0.0,13.9,88.0,0.267,
2026-01-19 00:00:00,0.0,0.0,13.3,89.0,0.268,
2026-01-19 01:00:00,0.0,0.0,12.7,90.0,0.268,
2026-01-19 02:00:00,0.0,0.0,12.3,90.0,0.268,
2026-01-19 03:00:00,0.0,0.0,12.0,90.0,0.269,
2026-01-19 04:00:00,0.0,0.0,11.9,90.0,0.269,
2026-01-19 05:00:00,0.0,0.0,11.0,93.0,0.266,
2026-01-19 06:00:00,0.0,0.0,10.8,93.0,0.266,
2026-01-19 07:00:00,0.0,0.0,10.8,94.0,0.267,
2026-01-19 08:00:00,0.0,0.0,11.6,94.0,0.267,
2026-01-19 09:00:00,0.0,0.0,14.3,86.0,0.266,
2026-01-19 10:00:00,0.0,0.0,17.2,77.0,0.265,
2026-01-19 11:00:00,0.0,0.0,19.8,65.0,0.263,
2026-01-19 12:00:00,0.0,0.0,21.6,51.0,0.26,
2026-01-19 13:00:00,0.0,0.0,22.9,43.0,0.258,
2026-01-19 14:00:00,0.0,0.0,23.5,40.0,0.256,
2026-01-19 15:00:00,0.0,0.0,23.3,42.0,0.255,
2026-01-19 16:00:00,0.0,0.0,22.8,43.0,0.255,
2026-01-19 17:00:00,0.0,0.0,21.7,51.0,0.258,
2026-01-19 18:00:00,0.0,0.0,19.4,62.0,0.259,
2026-01-19 19:00:00,0.0,0.0,18.0,68.0,0.261,
2026-01-19 20:00:00,0.0,0.0,17.1,71.0,0.262,
2026-01-19 21:00:00,0.0,0.0,16.2,74.0,0.262,
2026-01-19 22:00:00,0.0,0.0,15.3,77.0,0.263,
2026-01-19 23:00:00,0.0,0.0,13.3,85.0,0.264,
2026-01-20 00:00:00,0.0,0.0,13.0,86.0,0.265,
2026-01-20 01:00:00,0.0,0.0,12.7,87.0,0.265,
2026-01-20 02:00:00,0.0,0.0,12.1,87.0,0.266,
2026-01-20 03:00:00,0.0,0.0,11.5,88.0,0.266,
2026-01-20 04:00:00,0.0,0.0,11.0,88.0,0.266,
2026-01-20 05:00:00,0.0,0.0,10.0,93.0,0.263,
2026-01-20 06:00:00,0.0,0.0,9.5,94.0,0.264,
2026-01-20 07:00:00,0.0,0.0,9.1,94.0,0.264,
2026-01-20 08:00:00,0.0,0.0,10.5,93.0,0.264,
2026-01-20 09:00:00,0.0,0.0,14.1,82.0,0.264,
2026-01-20 10:00:00,0.0,0.0,17.7,68.0,0.262,
2026-01-20 11:00:00,0.0,0.0,20.4,54.0,0.26,
2026-01-20 12:00:00,0.0,0.0,22.3,45.0,0.258,
2026-01-20 13:00:00,0.0,0.0,23.6,39.0,0.256,
2026-01-20 14:00:00,0.0,0.0,24.0,36.0,0.255,
2026-01-20 15:00:00,0.0,0.0,23.9,35.0,0.254,
2026-01-20 16:00:00,0.0,0.0,23.2,36.0,0.254,
2026-01-20 17:00:00,0.0,0.0,22.5,43.0,0.255,
2026-01-20 18:00:00,0.0,0.0,20.0,52.0,0.257,
2026-01-20 19:00:00,0.0,0.0,17.9,62.0,0.258,
2026-01-20 20:00:00,0.0,0.0,16.9,67.0,0.259,
2026-01-20 21:00:00,0.0,0.0,16.7,67.0,0.26,
2026-01-20 22:00:00,0.0,0.0,16.3,67.0,0.261,
2026-01-20 23:00:00,0.0,0.0,14.8,78.0,0.263,
2026-01-21 00:00:00,0.0,0.0,13.8,82.0,0.263,
2026-01-21 01:00:00,0.0,0.0,13.1,85.0,0.264,
2026-01-21 02:00:00,0.0,0.0,12.3,87.0,0.265,
2026-01-21 03:00:00,0.0,0.0,11.6,89.0,0.265,
2026-01-21 04:00:00,0.0,0.0,10.6,92.0,0.266,
2026-01-21 05:00:00,0.0,0.0,10.1,95.0,0.266,
2026-01-21 06:00:00,0.0,0.0,9.6,96.0,0.266,
2026-01-21 07:00:00,0.0,0.0,9.2,96.0,0.267,
2026-01-21 08:00:00,0.0,0.0,10.6,94.0,0.267,
2026-01-21 09:00:00,0.0,0.0,14.5,81.0,0.266,
2026-01-21 10:00:00,0.0,0.0,18.0,69.0,0.265,
2026-01-21 11:00:00,0.0,0.0,20.2,56.0,0.264,
2026-01-21 12:00:00,0.0,0.0,21.9,47.0,0.262,
2026-01-21 13:00:00,0.0,0.0,22.8,42.0,0.26,
2026-01-21 14:00:00,0.0,0.0,23.2,37.0,0.259,
2026-01-21 15:00:00,0.0,0.0,23.0,34.0,0.259,
2026-01-21 16:00:00,0.0,0.0,22.3,35.0,0.259,
2026-01-21 17:00:00,0.0,0.0,21.1,44.0,0.262,
2026-01-21 18:00:00,0.0,0.0,18.5,53.0,0.263,
2026-01-21 19:00:00,0.0,0.0,16.7,60.0,0.264,
2026-01-21 20:00:00,0.0,0.0,15.6,63.0,0.265,
2026-01-21 21:00:00,0.0,0.0,15.0,66.0,0.266,
2026-01-21 22:00:00,0.0,0.0,14.5,68.0,0.266,
2026-01-21 23:00:00,0.0,0.0,12.8,78.0,0.268,
2026-01-22 00:00:00,0.0,0.0,12.3,79.0,0.269,
2026-01-22 01:00:00,0.0,0.0,11.5,82.0,0.269,
2026-01-22 02:00:00,0.0,0.0,11.1,83.0,0.269,
2026-01-22 03:00:00,0.0,0.0,10.6,85.0,0.27,
2026-01-22 04:00:00,0.0,0.0,10.1,87.0,0.27,
2026-01-22 05:00:00,0.0,0.0,9.5,94.0,0.272,
2026-01-22 06:00:00,0.0,0.0,8.5,100.0,0.273,
2026-01-22 07:00:00,0.0,0.0,8.3,100.0,0.273,
2026-01-22 08:00:00,0.0,0.0,9.8,98.0,0.273,
2026-01-22 09:00:00,0.0,0.0,13.4,85.0,0.273,
2026-01-22 10:00:00,0.0,0.0,17.4,69.0,0.272,
2026-01-22 11:00:00,0.0,0.0,20.8,52.0,0.271,
2026-01-22 12:00:00,0.0,0.0,22.6,50.0,0.27,
2026-01-22 13:00:00,0.0,0.0,23.8,47.0,0.269,
2026-01-22 14:00:00,0.0,0.0,24.2,46.0,0.268,
2026-01-22 15:00:00,0.0,0.0,24.0,49.0,0.268,
2026-01-22 16:00:00,0.0,0.0,23.2,54.0,0.269,
2026-01-22 17:00:00,0.0,0.0,21.8,59.0,0.269,
2026-01-22 18:00:00,0.0,0.0,19.3,72.0,0.269,
2026-01-22 19:00:00,0.0,0.0,17.7,79.0,0.27,
2026-01-22 20:00:00,0.0,0.0,17.2,81.0,0.271,
2026-01-22 21:00:00,0.0,0.0,16.7,83.0,0.271,
2026-01-22 22:00:00,0.0,0.0,16.3,83.0,0.271,
2026-01-22 23:00:00,0.0,0.0,16.0,87.0,0.272,
2026-01-23 00:00:00,0.0,0.0,16.0,85.0,0.272,
2026-01-23 01:00:00,0.0,0.0,15.8,87.0,0.273,
2026-01-23 02:00:00,0.0,0.0,15.6,88.0,0.273,
2026-01-23 03:00:00,0.0,0.0,15.0,90.0,0.273,
2026-01-23 04:00:00,0.0,0.0,14.6,91.0,0.274,
2026-01-23 05:00:00,0.0,0.0,14.2,90.0,0.267,
2026-01-23 06:00:00,0.0,0.0,14.3,90.0,0.268,
2026-01-23 07:00:00,0.5,0.0,14.2,89.0,0.277,
2026-01-23 08:00:00,0.3,0.0,14.4,87.0,0.276,
2026-01-23 09:00:00,1.1,0.0,14.9,85.0,0.286,
2026-01-23 10:00:00,1.2,0.0,15.6,82.0,0.295,
2026-01-23 11:00:00,1.4,0.3,15.2,87.0,0.306,
2026-01-23 12:00:00,1.6,0.0,16.0,83.0,0.299,
2026-01-23 13:00:00,1.6,0.0,16.8,82.0,0.311,
2026-01-23 14:00:00,1.1,0.0,17.4,79.0,0.309,
2026-01-23 15:00:00,0.0,0.0,17.9,77.0,0.297,
2026-01-23 16:00:00,2.0,0.0,17.3,82.0,0.305,
2026-01-23 17:00:00,2.4,0.0,16.0,89.0,0.298,
2026-01-23 18:00:00,1.1,0.0,15.5,92.0,0.306,
2026-01-23 19:00:00,2.3,0.0,15.1,94.0,0.311,
2026-01-23 20:00:00,1.8,0.0,14.9,94.0,0.311,
2026-01-23 21:00:00,0.6,0.0,14.7,94.0,0.303,
2026-01-23 22:00:00,0.0,0.0,14.0,96.0,0.3,
2026-01-23 23:00:00,0.0,0.0,13.4,98.0,0.298,
2026-01-24 00:00:00,0.0,0.0,12.8,99.0,0.297,
2026-01-24 01:00:00,0.0,0.0,12.5,99.0,0.296,
2026-01-24 02:00:00,0.0,0.0,12.1,100.0,0.296,
2026-01-24 03:00:00,0.0,0.0,11.7,100.0,0.296,
2026-01-24 04:00:00,0.0,0.0,11.7,100.0,0.296,
2026-01-24 05:00:00,0.0,0.0,10.4,88.0,0.297,
2026-01-24 06:00:00,0.0,0.0,10.3,76.0,0.297,
2026-01-24 07:00:00,0.0,0.0,9.6,59.0,0.296,
2026-01-24 08:00:00,0.0,0.0,9.9,53.0,0.296,
2026-01-24 09:00:00,0.0,0.0,11.2,49.0,0.295,
2026-01-24 10:00:00,0.0,0.0,13.0,43.0,0.295,
2026-01-24 11:00:00,0.0,0.0,14.6,37.0,0.293,
2026-01-24 12:00:00,0.0,0.0,16.1,40.0,0.292,
2026-01-24 13:00:00,0.0,0.0,17.3,41.0,0.291,
2026-01-24 14:00:00,0.0,0.0,17.9,43.0,0.29,
2026-01-24 15:00:00,0.0,0.0,17.9,46.0,0.29,
2026-01-24 16:00:00,0.0,0.0,17.6,48.0,0.29,
2026-01-24 17:00:00,0.0,0.0,16.8,51.0,0.289,
2026-01-24 18:00:00,0.0,0.0,15.2,57.0,0.29,
2026-01-24 19:00:00,0.0,0.0,13.9,61.0,0.29,
2026-01-24 20:00:00,0.0,0.0,13.0,63.0,0.29,
2026-01-24 21:00:00,0.0,0.0,12.2,64.0,0.29,
2026-01-24 22:00:00,0.0,0.0,11.5,65.0,0.29,
2026-01-24 23:00:00,0.0,0.0,10.5,68.0,0.288,
2026-01-25 00:00:00,0.0,0.0,10.0,70.0,0.288,
2026-01-25 01:00:00,0.0,0.0,9.7,69.0,0.288,
2026-01-25 02:00:00,0.0,0.0,9.4,69.0,0.288,
2026-01-25 03:00:00,0.0,0.0,9.0,71.0,0.288,
2026-01-25 04:00:00,0.0,0.0,8.6,72.0,0.288,
2026-01-25 05:00:00,0.0,0.0,8.6,74.0,0.287,
2026-01-25 06:00:00,0.0,0.0,8.3,75.0,0.287,
2026-01-25 07:00:00,0.0,0.0,7.8,77.0,0.287,
2026-01-25 08:00:00,0.0,0.0,8.4,74.0,0.287,
2026-01-25 09:00:00,0.0,0.0,10.3,66.0,0.286,
2026-01-25 10:00:00,0.0,0.0,12.4,57.0,0.285,
2026-01-25 11:00:00,0.0,0.0,14.0,49.0,0.283,
2026-01-25 12:00:00,0.0,0.0,15.7,43.0,0.281,
2026-01-25 13:00:00,0.0,0.0,16.8,39.0,0.28,
2026-01-25 14:00:00,0.0,0.0,17.4,39.0,0.279,
2026-01-25 15:00:00,0.0,0.0,17.7,37.0,0.278,
2026-01-25 16:00:00,0.0,0.0,17.4,39.0,0.278,
2026-01-25 17:00:00,0.0,0.0,16.9,44.0,0.28,
2026-01-25 18:00:00,0.0,0.0,15.1,53.0,0.281,
2026-01-25 19:00:00,0.0,0.0,13.6,62.0,0.281,
2026-01-25 20:00:00,0.0,0.0,12.5,68.0,0.282,
2026-01-25 21:00:00,0.0,0.0,11.5,72.0,0.282,
2026-01-25 22:00:00,0.0,0.0,10.8,75.0,0.283,
2026-01-25 23:00:00,0.0,0.0,9.9,83.0,0.284,
2026-01-26 00:00:00,0.0,0.0,9.3,84.0,0.284,
2026-01-26 01:00:00,0.0,0.0,8.8,86.0,0.285,
2026-01-26 02:00:00,0.0,0.0,8.2,87.0,0.285,
2026-01-26 03:00:00,0.0,0.0,7.8,88.0,0.285,
2026-01-26 04:00:00,0.0,0.0,7.3,89.0,0.285,
2026-01-26 05:00:00,0.0,0.0,6.9,91.0,0.286,
2026-01-26 06:00:00,0.0,0.0,6.8,91.0,0.286,
2026-01-26 07:00:00,0.0,0.0,6.6,90.0,0.286,
2026-01-26 08:00:00,0.0,0.0,7.6,88.0,0.286,
2026-01-26 09:00:00,0.0,0.0,10.5,77.0,0.286,
2026-01-26 10:00:00,0.0,0.0,13.4,64.0,0.285,
2026-01-26 11:00:00,0.0,0.0,15.9,55.0,0.283,
2026-01-26 12:00:00,0.0,0.0,17.4,51.0,0.282,
2026-01-26 13:00:00,0.0,0.0,18.5,48.0,0.281,
2026-01-26 14:00:00,0.0,0.0,19.2,43.0,0.28,
2026-01-26 15:00:00,0.0,0.0,19.4,43.0,0.28,
2026-01-26 16:00:00,0.0,0.0,19.1,44.0,0.28,
2026-01-26 17:00:00,0.0,0.0,18.4,47.0,0.279,
2026-01-26 18:00:00,0.0,0.0,16.7,57.0,0.28,
2026-01-26 19:00:00,0.0,0.0,15.6,63.0,0.281,
2026-01-26 20:00:00,0.0,0.0,14.9,66.0,0.281,
2026-01-26 21:00:00,0.0,0.0,14.4,67.0,0.282,
2026-01-26 22:00:00,0.0,0.0,13.7,69.0,0.282,
2026-01-26 23:00:00,0.0,0.0,12.6,79.0,0.284,
2026-01-27 00:00:00,0.0,0.0,12.1,81.0,0.284,
2026-01-27 01:00:00,0.0,0.0,11.5,84.0,0.284,
2026-01-27 02:00:00,0.0,0.0,11.2,87.0,0.285,
2026-01-27 03:00:00,0.0,0.0,10.7,89.0,0.285,
2026-01-27 04:00:00,0.0,0.0,10.5,89.0,0.285,
2026-01-27 05:00:00,0.0,0.0,10.7,93.0,0.281,
2026-01-27 06:00:00,0.0,0.0,10.8,92.0,0.281,
2026-01-27 07:00:00,0.0,0.0,10.8,91.0,0.282,
2026-01-27 08:00:00,0.0,0.0,12.0,86.0,0.282,
2026-01-27 09:00:00,0.0,0.0,14.3,77.0,0.282,
2026-01-27 10:00:00,0.0,0.0,16.3,70.0,0.281,
2026-01-27 11:00:00,0.0,0.0,16.1,70.0,0.281,
2026-01-27 12:00:00,0.0,0.0,17.4,69.0,0.28,
2026-01-27 13:00:00,2.2,0.0,17.6,76.0,0.311,
2026-01-27 14:00:00,1.4,0.0,17.8,76.0,0.305,
2026-01-27 15:00:00,0.0,0.0,18.2,76.0,0.296,
2026-01-27 16:00:00,1.1,0.0,18.0,80.0,0.305,
2026-01-27 17:00:00,2.3,0.0,15.8,85.0,0.315,
2026-01-27 18:00:00,0.8,0.0,15.2,90.0,0.311,
2026-01-27 19:00:00,0.1,0.0,14.7,93.0,0.301,
2026-01-27 20:00:00,1.9,0.0,14.5,94.0,0.325,
2026-01-27 21:00:00,1.7,0.0,14.3,93.0,0.324,
2026-01-27 22:00:00,0.0,0.0,14.0,94.0,0.311,
2026-01-27 23:00:00,0.0,0.0,13.6,94.0,0.308,
2026-01-28 00:00:00,0.0,0.0,13.3,96.0,0.305,
2026-01-28 01:00:00,0.0,0.0,13.2,96.0,0.303,
2026-01-28 02:00:00,0.0,0.0,13.2,96.0,0.302,
2026-01-28 03:00:00,0.0,0.0,12.9,97.0,0.301,
2026-01-28 04:00:00,0.0,0.0,12.8,97.0,0.3,
2026-01-28 05:00:00,0.0,0.0,13.0,97.0,0.306,
2026-01-28 06:00:00,0.0,0.0,13.1,97.0,0.306,
2026-01-28 07:00:00,0.0,0.0,13.1,96.0,0.305,
2026-01-28 08:00:00,0.0,0.0,13.5,95.0,0.304,
2026-01-28 09:00:00,0.0,0.0,14.3,90.0,0.304,
2026-01-28 10:00:00,0.0,0.0,15.7,81.0,0.302,
2026-01-28 11:00:00,0.0,0.0,16.6,77.0,0.301,
2026-01-28 12:00:00,0.0,0.0,17.8,70.0,0.3,
2026-01-28 13:00:00,0.0,0.0,18.7,64.0,0.299,
2026-01-28 14:00:00,0.0,0.0,19.3,59.0,0.298,
2026-01-28 15:00:00,0.0,0.0,19.5,56.0,0.297,
2026-01-28 16:00:00,0.0,0.0,19.2,56.0,0.297,
2026-01-28 17:00:00,0.0,0.0,18.1,66.0,0.302,
2026-01-28 18:00:00,0.0,0.0,16.4,77.0,0.303,
2026-01-28 19:00:00,0.0,0.0,15.3,84.0,0.304,
2026-01-28 20:00:00,0.0,0.0,14.5,89.0,0.304,
2026-01-28 21:00:00,0.0,0.0,13.8,91.0,0.304,
2026-01-28 22:00:00,0.0,0.0,13.2,93.0,0.305,
2026-01-28 23:00:00,0.0,0.0,12.3,95.0,0.304,
2026-01-29 00:00:00,0.0,0.0,11.8,96.0,0.305,
2026-01-29 01:00:00,0.0,0.0,11.4,97.0,0.305,
2026-01-29 02:00:00,0.0,0.0,11.2,97.0,0.305,
2026-01-29 03:00:00,0.0,0.0,11.0,97.0,0.305,
2026-01-29 04:00:00,0.0,0.0,10.7,97.0,0.306,
2026-01-29 05:00:00,0.0,0.0,10.8,97.0,0.309,
2026-01-29 06:00:00,0.0,0.0,10.6,97.0,0.309,
2026-01-29 07:00:00,0.0,0.0,10.4,97.0,0.31,
2026-01-29 08:00:00,0.0,0.0,11.2,93.0,0.31,
2026-01-29 09:00:00,0.0,0.0,12.9,85.0,0.309,
2026-01-29 10:00:00,0.0,0.0,14.9,77.0,0.309,
2026-01-29 11:00:00,0.0,0.0,15.5,75.0,0.308,
2026-01-29 12:00:00,0.0,0.0,17.1,69.0,0.308,
2026-01-29 13:00:00,0.0,0.0,18.0,66.0,0.307,
2026-01-29 14:00:00,0.0,0.0,18.6,66.0,0.307,
2026-01-29 15:00:00,0.0,0.0,18.7,64.0,0.307,
2026-01-29 16:00:00,0.0,0.0,18.4,65.0,0.308,
2026-01-29 17:00:00,0.0,0.0,17.4,69.0,0.308,
2026-01-29 18:00:00,0.0,0.0,16.0,78.0,0.308,
2026-01-29 19:00:00,0.0,0.0,15.0,84.0,0.309,
2026-01-29 20:00:00,0.0,0.0,14.3,87.0,0.309,
2026-01-29 21:00:00,0.0,0.0,13.9,88.0,0.309,
2026-01-29 22:00:00,0.0,0.0,13.6,88.0,0.31,
2026-01-29 23:00:00,0.0,0.0,12.0,94.0,0.309,
2026-01-30 00:00:00,0.0,0.0,11.8,95.0,0.309,
2026-01-30 01:00:00,0.0,0.0,11.6,96.0,0.309,
2026-01-30 02:00:00,0.0,0.0,11.4,96.0,0.31,
2026-01-30 03:00:00,0.0,0.0,11.1,96.0,0.31,
2026-01-30 04:00:00,0.0,0.0,11.0,95.0,0.31,
2026-01-30 05:00:00,0.0,0.0,10.5,96.0,0.316,
2026-01-30 06:00:00,0.0,0.0,10.1,96.0,0.316,
2026-01-30 07:00:00,0.0,0.0,9.9,96.0,0.316,
2026-01-30 08:00:00,0.0,0.0,10.8,94.0,0.315,
2026-01-30 09:00:00,0.0,0.0,12.7,86.0,0.315,
2026-01-30 10:00:00,0.0,0.0,14.6,77.0,0.314,
2026-01-30 11:00:00,0.0,0.0,16.1,68.0,0.312,
2026-01-30 12:00:00,0.0,0.0,17.6,63.0,0.311,
2026-01-30 13:00:00,0.0,0.0,18.6,59.0,0.31,
2026-01-30 14:00:00,0.0,0.0,19.3,55.0,0.309,
2026-01-30 15:00:00,0.0,0.0,19.3,57.0,0.309,
2026-01-30 16:00:00,0.0,0.0,19.0,59.0,0.309,
2026-01-30 17:00:00,0.0,0.0,19.0,59.0,0.302,
2026-01-30 18:00:00,0.0,0.0,17.8,64.0,0.302,
2026-01-30 19:00:00,0.0,0.0,16.8,66.0,0.302,
2026-01-30 20:00:00,0.0,0.0,15.7,70.0,0.302,
2026-01-30 21:00:00,0.0,0.0,14.6,75.0,0.301,
2026-01-30 22:00:00,0.0,0.0,13.6,81.0,0.301,
2026-01-30 23:00:00,0.0,0.0,11.9,89.0,0.302,
2026-01-31 00:00:00,0.0,0.0,11.3,92.0,0.302,
2026-01-31 01:00:00,0.0,0.0,10.7,97.0,0.302,
2026-01-31 02:00:00,0.0,0.0,10.2,100.0,0.302,
2026-01-31 03:00:00,0.0,0.0,9.7,100.0,0.301,
2026-01-31 04:00:00,0.0,0.0,8.9,100.0,0.301,
2026-01-31 05:00:00,0.0,0.0,8.8,100.0,0.296,
2026-01-31 06:00:00,0.0,0.0,8.2,100.0,0.296,
2026-01-31 07:00:00,0.0,0.0,7.7,100.0,0.296,
2026-01-31 08:00:00,0.0,0.0,8.0,100.0,0.296,
2026-01-31 09:00:00,0.0,0.0,10.0,100.0,0.296,
2026-01-31 10:00:00,0.0,0.0,13.0,88.0,0.295,
2026-01-31 11:00:00,0.0,0.0,14.7,82.0,0.294,
2026-01-31 12:00:00,0.0,0.0,16.5,74.0,0.292,
2026-01-31 13:00:00,0.0,0.0,17.7,69.0,0.291,
2026-01-31 14:00:00,0.0,0.0,18.3,69.0,0.29,
2026-01-31 15:00:00,0.0,0.0,18.5,70.0,0.289,
2026-01-31 16:00:00,0.0,0.0,18.3,69.0,0.29,
2026-01-31 17:00:00,0.0,0.0,17.4,74.0,0.293,
2026-01-31 18:00:00,0.0,0.0,16.3,82.0,0.294,
2026-01-31 19:00:00,0.0,0.0,15.5,86.0,0.295,
2026-01-31 20:00:00,0.0,0.0,14.9,87.0,0.295,
2026-01-31 21:00:00,0.0,0.0,14.5,88.0,0.296,
2026-01-31 22:00:00,0.0,0.0,14.2,90.0,0.296,
2026-01-31 23:00:00,0.0,0.0,13.3,95.0,0.296,
2026-02-01 00:00:00,0.0,0.0,13.2,94.0,0.297,
2026-02-01 01:00:00,0.1,0.0,12.9,95.0,0.297,
2026-02-01 02:00:00,0.1,0.0,12.9,95.0,0.298,
2026-02-01 03:00:00,0.0,0.0,12.8,94.0,0.297,
2026-02-01 04:00:00,0.5,0.0,12.8,94.0,0.306,
2026-02-01 05:00:00,0.1,0.0,12.2,97.0,0.302,
2026-02-01 06:00:00,3.0,0.0,12.3,94.0,0.336,
2026-02-01 07:00:00,1.7,0.0,12.2,95.0,0.322,
2026-02-01 08:00:00,0.0,0.0,13.1,92.0,0.316,
2026-02-01 09:00:00,0.0,0.0,14.8,85.0,0.312,
2026-02-01 10:00:00,0.2,0.0,16.4,78.0,0.312,
2026-02-01 11:00:00,0.0,0.0,17.7,73.0,0.301,
2026-02-01 12:00:00,0.0,0.0,19.1,67.0,0.299,
2026-02-01 13:00:00,0.0,0.0,20.2,64.0,0.298,
2026-02-01 14:00:00,0.0,0.0,21.1,64.0,0.297,
2026-02-01 15:00:00,0.0,0.0,21.3,64.0,0.297,
2026-02-01 16:00:00,0.0,0.0,21.1,67.0,0.297,
2026-02-01 17:00:00,0.0,0.0,21.3,66.0,0.293,
2026-02-01 18:00:00,0.0,0.0,19.9,74.0,0.294,
2026-02-01 19:00:00,0.0,0.0,18.8,79.0,0.294,
2026-02-01 20:00:00,0.0,0.0,17.7,84.0,0.294,
2026-02-01 21:00:00,0.0,0.0,17.1,87.0,0.294,
2026-02-01 22:00:00,0.0,0.0,16.8,87.0,0.294,
2026-02-01 23:00:00,0.0,0.0,15.4,93.0,0.294,
2026-02-02 00:00:00,0.0,0.0,14.9,94.0,0.294,
2026-02-02 01:00:00,0.0,0.0,14.6,95.0,0.294,
2026-02-02 02:00:00,0.0,0.0,14.6,93.0,0.293,
2026-02-02 03:00:00,0.0,0.0,14.4,92.0,0.293,
2026-02-02 04:00:00,0.0,0.0,14.1,93.0,0.293,
2026-02-02 05:00:00,0.0,0.0,13.2,94.0,0.291,
2026-02-02 06:00:00,0.0,0.0,12.9,95.0,0.291,
2026-02-02 07:00:00,0.0,0.0,12.1,96.0,0.291,
2026-02-02 08:00:00,0.0,0.0,13.1,95.0,0.291,
2026-02-02 09:00:00,0.0,0.0,16.1,84.0,0.29,
2026-02-02 10:00:00,0.0,0.0,18.7,72.0,0.288,
2026-02-02 11:00:00,0.0,0.0,19.0,68.0,0.286,
2026-02-02 12:00:00,0.0,0.0,20.3,62.0,0.283,
2026-02-02 13:00:00,0.0,0.0,21.1,59.0,0.281,
2026-02-02 14:00:00,0.0,0.0,21.4,58.0,0.28,
2026-02-02 15:00:00,0.0,0.0,21.4,58.0,0.279,
2026-02-02 16:00:00,0.0,0.0,20.9,60.0,0.279,
2026-02-02 17:00:00,0.0,0.0,19.6,69.0,0.285,
2026-02-02 18:00:00,0.0,0.0,18.0,79.0,0.286,
2026-02-02 19:00:00,0.0,0.0,16.8,85.0,0.287,
2026-02-02 20:00:00,0.0,0.0,16.1,89.0,0.288,
2026-02-02 21:00:00,0.0,0.0,15.2,91.0,0.289,
2026-02-02 22:00:00,0.0,0.0,14.5,94.0,0.289,
2026-02-02 23:00:00,0.0,0.0,13.4,97.0,0.289,
2026-02-03 00:00:00,0.0,0.0,12.9,97.0,0.29,
2026-02-03 01:00:00,0.0,0.0,12.5,98.0,0.29,
2026-02-03 02:00:00,0.0,0.0,12.1,98.0,0.29,
2026-02-03 03:00:00,0.0,0.0,11.6,99.0,0.29,
2026-02-03 04:00:00,0.0,0.0,11.3,99.0,0.291,
2026-02-03 05:00:00,0.0,0.0,11.0,99.0,0.307,
2026-02-03 06:00:00,0.0,0.0,10.8,99.0,0.306,
2026-02-03 07:00:00,0.0,0.0,10.6,100.0,0.306,
2026-02-03 08:00:00,0.0,0.0,11.3,99.0,0.305,
2026-02-03 09:00:00,0.0,0.0,13.1,92.0,0.304,
2026-02-03 10:00:00,0.0,0.0,15.4,83.0,0.303,
2026-02-03 11:00:00,0.0,0.0,16.2,78.0,0.302,
2026-02-03 12:00:00,0.0,0.0,18.1,68.0,0.3,
2026-02-03 13:00:00,0.0,0.0,19.2,62.0,0.298,
2026-02-03 14:00:00,0.0,0.0,20.0,60.0,0.297,
2026-02-03 15:00:00,0.0,0.0,20.2,58.0,0.297,
2026-02-03 16:00:00,0.0,0.0,19.8,60.0,0.297,
2026-02-03 17:00:00,0.0,0.0,19.1,64.0,0.295,
2026-02-03 18:00:00,0.0,0.0,17.5,75.0,0.296,
2026-02-03 19:00:00,0.0,0.0,16.1,82.0,0.296,
2026-02-03 20:00:00,0.0,0.0,15.3,86.0,0.297,
2026-02-03 21:00:00,0.0,0.0,14.9,87.0,0.297,
2026-02-03 22:00:00,0.0,0.0,14.3,89.0,0.297,
2026-02-03 23:00:00,0.0,0.0,13.2,95.0,0.297,
2026-02-04 00:00:00,0.0,0.0,12.6,96.0,0.297,
2026-02-04 01:00:00,0.0,0.0,12.1,97.0,0.297,
2026-02-04 02:00:00,0.0,0.0,11.8,97.0,0.297,
2026-02-04 03:00:00,0.0,0.0,11.3,98.0,0.296,
2026-02-04 04:00:00,0.0,0.0,11.2,98.0,0.296,
2026-02-04 05:00:00,0.0,0.0,11.0,98.0,0.308,
2026-02-04 06:00:00,0.0,0.0,10.6,99.0,0.307,
2026-02-04 07:00:00,0.0,0.0,10.4,100.0,0.306,
2026-02-04 08:00:00,0.0,0.0,11.4,98.0,0.305,
2026-02-04 09:00:00,0.0,0.0,13.7,90.0,0.304,
2026-02-04 10:00:00,0.0,0.0,16.2,79.0,0.302,
2026-02-04 11:00:00,0.0,0.0,17.7,67.0,0.299,
2026-02-04 12:00:00,0.0,0.0,19.2,58.0,0.297,
2026-02-04 13:00:00,0.0,0.0,20.3,51.0,0.294,
2026-02-04 14:00:00,0.0,0.0,20.9,47.0,0.292,
2026-02-04 15:00:00,0.0,0.0,20.9,46.0,0.291,
2026-02-04 16:00:00,0.0,0.0,20.5,47.0,0.291,
2026-02-04 17:00:00,0.0,0.0,20.0,57.0,0.291,
2026-02-04 18:00:00,0.0,0.0,18.3,65.0,0.292,
2026-02-04 19:00:00,0.0,0.0,16.9,71.0,0.292,
2026-02-04 20:00:00,0.0,0.0,15.8,77.0,0.293,
2026-02-04 21:00:00,0.0,0.0,14.9,82.0,0.293,
2026-02-04 22:00:00,0.0,0.0,14.2,85.0,0.293,
2026-02-04 23:00:00,0.0,0.0,13.6,88.0,0.293,
2026-02-05 00:00:00,0.0,0.0,13.1,88.0,0.293,
2026-02-05 01:00:00,0.0,0.0,12.7,89.0,0.293,
2026-02-05 02:00:00,0.0,0.0,12.3,90.0,0.293,
2026-02-05 03:00:00,0.0,0.0,12.0,90.0,0.293,
2026-02-05 04:00:00,0.0,0.0,11.7,90.0,0.293,
2026-02-05 05:00:00,0.0,0.0,11.7,91.0,0.3,
2026-02-05 06:00:00,0.0,0.0,11.4,92.0,0.299,
2026-02-05 07:00:00,0.0,0.0,11.3,92.0,0.299,
2026-02-05 08:00:00,0.0,0.0,12.5,87.0,0.298,
2026-02-05 09:00:00,0.0,0.0,14.8,77.0,0.296,
2026-02-05 10:00:00,0.0,0.0,17.2,68.0,0.294,
2026-02-05 11:00:00,0.0,0.0,19.5,57.0,0.291,
2026-02-05 12:00:00,0.0,0.0,21.1,51.0,0.288,
2026-02-05 13:00:00,0.0,0.0,22.3,45.0,0.286,
2026-02-05 14:00:00,0.0,0.0,22.8,43.0,0.284,
2026-02-05 15:00:00,0.0,0.0,22.8,41.0,0.282,
2026-02-05 16:00:00,0.0,0.0,22.1,42.0,0.282,
2026-02-05 17:00:00,0.0,0.0,21.4,45.0,0.282,
2026-02-05 18:00:00,0.0,0.0,19.5,54.0,0.283,
2026-02-05 19:00:00,0.0,0.0,17.9,61.0,0.284,
2026-02-05 20:00:00,0.0,0.0,16.7,66.0,0.285,
2026-02-05 21:00:00,0.0,0.0,15.6,70.0,0.285,
2026-02-05 22:00:00,0.0,0.0,14.8,73.0,0.286,
2026-02-05 23:00:00,0.0,0.0,13.5,82.0,0.287,
2026-02-06 00:00:00,0.0,0.0,12.9,82.0,0.288,
2026-02-06 01:00:00,0.0,0.0,12.4,83.0,0.288,
2026-02-06 02:00:00,0.0,0.0,11.9,85.0,0.288,
2026-02-06 03:00:00,0.0,0.0,11.4,86.0,0.289,
2026-02-06 04:00:00,0.0,0.0,11.0,86.0,0.289,
2026-02-06 05:00:00,0.0,0.0,11.2,87.0,0.286,
2026-02-06 06:00:00,0.0,0.0,11.0,87.0,0.286,
2026-02-06 07:00:00,0.0,0.0,10.9,86.0,0.287,
2026-02-06 08:00:00,0.0,0.0,12.4,80.0,0.286,
2026-02-06 09:00:00,0.0,0.0,15.1,69.0,0.285,
2026-02-06 10:00:00,0.0,0.0,17.9,60.0,0.283,
2026-02-06 11:00:00,0.0,0.0,20.6,51.0,0.281,
2026-02-06 12:00:00,0.0,0.0,22.3,47.0,0.278,
2026-02-06 13:00:00,0.0,0.0,23.3,41.0,0.276,
2026-02-06 14:00:00,0.0,0.0,23.7,41.0,0.274,
2026-02-06 15:00:00,0.0,0.0,23.8,39.0,0.273,
2026-02-06 16:00:00,0.0,0.0,23.3,42.0,0.273,
2026-02-06 17:00:00,0.0,0.0,22.6,44.0,0.273,
2026-02-06 18:00:00,0.0,0.0,20.6,53.0,0.274,
2026-02-06 19:00:00,0.0,0.0,19.0,61.0,0.276,
2026-02-06 20:00:00,0.0,0.0,17.6,68.0,0.277,
2026-02-06 21:00:00,0.0,0.0,16.6,73.0,0.278,
2026-02-06 22:00:00,0.0,0.0,15.9,75.0,0.278,
2026-02-06 23:00:00,0.0,0.0,15.0,82.0,0.28,
2026-02-07 00:00:00,0.0,0.0,14.5,83.0,0.28,
2026-02-07 01:00:00,0.0,0.0,14.1,84.0,0.281,
2026-02-07 02:00:00,0.0,0.0,13.7,85.0,0.281,
2026-02-07 03:00:00,0.0,0.0,13.5,86.0,0.281,
2026-02-07 04:00:00,0.0,0.0,13.3,86.0,0.282,
2026-02-07 05:00:00,0.0,0.0,13.0,87.0,0.279,
2026-02-07 06:00:00,0.0,0.0,12.9,86.0,0.279,
2026-02-07 07:00:00,0.0,0.0,12.9,84.0,0.279,
2026-02-07 08:00:00,0.0,0.0,14.2,79.0,0.279,
2026-02-07 09:00:00,0.0,0.0,16.5,70.0,0.278,
2026-02-07 10:00:00,0.0,0.0,19.0,60.0,0.276,
2026-02-07 11:00:00,0.0,0.0,21.5,51.0,0.274,
2026-02-07 12:00:00,0.0,0.0,23.2,44.0,0.271,
2026-02-07 13:00:00,0.0,0.0,24.2,41.0,0.269,
2026-02-07 14:00:00,0.0,0.0,24.6,40.0,0.267,
2026-02-07 15:00:00,0.0,0.0,24.6,39.0,0.266,
2026-02-07 16:00:00,0.0,0.0,24.2,40.0,0.266,
2026-02-07 17:00:00,0.0,0.0,23.2,46.0,0.269,
2026-02-07 18:00:00,0.0,0.0,21.3,55.0,0.271,
2026-02-07 19:00:00,0.0,0.0,19.8,63.0,0.272,
2026-02-07 20:00:00,0.0,0.0,18.6,69.0,0.273,
2026-02-07 21:00:00,0.0,0.0,17.6,74.0,0.274,
2026-02-07 22:00:00,0.0,0.0,16.8,77.0,0.275,
2026-02-07 23:00:00,0.0,0.0,16.2,82.0,0.276,
2026-02-08 00:00:00,0.0,0.0,15.6,83.0,0.277,
2026-02-08 01:00:00,0.0,0.0,15.0,85.0,0.278,
2026-02-08 02:00:00,0.0,0.0,14.4,87.0,0.278,
2026-02-08 03:00:00,0.0,0.0,13.8,88.0,0.279,
2026-02-08 04:00:00,0.0,0.0,13.2,89.0,0.279,
2026-02-08 05:00:00,0.0,0.0,12.6,89.0,0.276,
2026-02-08 06:00:00,0.0,0.0,12.1,87.0,0.277,
2026-02-08 07:00:00,0.0,0.0,11.7,86.0,0.277,
2026-02-08 08:00:00,0.0,0.0,13.0,81.0,0.277,
2026-02-08 09:00:00,0.0,0.0,15.7,67.0,0.276,
2026-02-08 10:00:00,0.0,0.0,18.1,57.0,0.275,
2026-02-08 11:00:00,0.0,0.0,20.5,44.0,0.272,
2026-02-08 12:00:00,0.0,0.0,22.0,37.0,0.27,
2026-02-08 13:00:00,0.0,0.0,23.0,35.0,0.268,
2026-02-08 14:00:00,0.0,0.0,23.5,33.0,0.267,
2026-02-08 15:00:00,0.0,0.0,23.4,33.0,0.266,
2026-02-08 16:00:00,0.0,0.0,22.9,36.0,0.267,
2026-02-08 17:00:00,0.0,0.0,22.1,37.0,0.264,
2026-02-08 18:00:00,0.0,0.0,20.0,47.0,0.266,
2026-02-08 19:00:00,0.0,0.0,18.7,52.0,0.267,
2026-02-08 20:00:00,0.0,0.0,17.9,54.0,0.268,
2026-02-08 21:00:00,0.0,0.0,17.2,55.0,0.269,
2026-02-08 22:00:00,0.0,0.0,16.7,56.0,0.27,
2026-02-08 23:00:00,0.0,0.0,14.0,75.0,0.273,
2026-02-09 00:00:00,0.0,0.0,13.9,75.0,0.274,
2026-02-09 01:00:00,0.0,0.0,13.3,78.0,0.274,
2026-02-09 02:00:00,0.0,0.0,12.8,80.0,0.275,
2026-02-09 03:00:00,0.0,0.0,12.4,81.0,0.275,
2026-02-09 04:00:00,0.0,0.0,11.8,83.0,0.276,
2026-02-09 05:00:00,0.0,0.0,11.0,90.0,0.274,
2026-02-09 06:00:00,0.0,0.0,10.8,91.0,0.275,
2026-02-09 07:00:00,0.0,0.0,10.5,91.0,0.275,
2026-02-09 08:00:00,0.0,0.0,11.7,90.0,0.276,
2026-02-09 09:00:00,0.0,0.0,15.2,80.0,0.275,
2026-02-09 10:00:00,0.0,0.0,18.4,65.0,0.273,
2026-02-09 11:00:00,0.0,0.0,19.7,56.0,0.272,
2026-02-09 12:00:00,0.0,0.0,21.2,52.0,0.27,
2026-02-09 13:00:00,0.0,0.0,22.2,46.0,0.268,
2026-02-09 14:00:00,0.0,0.0,22.9,45.0,0.266,
2026-02-09 15:00:00,0.0,0.0,23.0,43.0,0.266,
2026-02-09 16:00:00,0.0,0.0,22.5,46.0,0.266,
2026-02-09 17:00:00,0.0,0.0,21.9,50.0,0.264,
2026-02-09 18:00:00,0.0,0.0,19.1,63.0,0.266,
2026-02-09 19:00:00,0.0,0.0,17.5,70.0,0.267,
2026-02-09 20:00:00,0.0,0.0,16.6,73.0,0.268,
2026-02-09 21:00:00,0.0,0.0,15.6,76.0,0.269,
2026-02-09 22:00:00,0.0,0.0,14.9,77.0,0.269,
2026-02-09 23:00:00,0.0,0.0,13.1,85.0,0.27,
2026-02-10 00:00:00,0.0,0.0,12.7,85.0,0.271,
2026-02-10 01:00:00,0.0,0.0,12.1,88.0,0.271,
2026-02-10 02:00:00,0.0,0.0,11.4,90.0,0.272,
2026-02-10 03:00:00,0.0,0.0,10.7,93.0,0.272,
2026-02-10 04:00:00,0.0,0.0,10.4,94.0,0.272,
2026-02-10 05:00:00,0.0,0.0,9.3,99.0,0.266,
2026-02-10 06:00:00,0.0,0.0,9.3,100.0,0.267,
2026-02-10 07:00:00,0.0,0.0,9.5,100.0,0.267,
2026-02-10 08:00:00,0.0,0.0,11.0,99.0,0.268,
2026-02-10 09:00:00,0.0,0.0,15.0,82.0,0.267,
2026-02-10 10:00:00,0.0,0.0,18.9,66.0,0.265,
2026-02-10 11:00:00,0.0,0.0,21.9,50.0,0.262,
2026-02-10 12:00:00,0.0,0.0,23.5,43.0,0.259,
2026-02-10 13:00:00,0.0,0.0,24.7,38.0,0.256,
2026-02-10 14:00:00,0.0,0.0,25.3,37.0,0.254,
2026-02-10 15:00:00,0.0,0.0,25.5,38.0,0.253,
2026-02-10 16:00:00,0.0,0.0,25.1,40.0,0.253,
2026-02-10 17:00:00,0.0,0.0,24.2,50.0,0.256,
2026-02-10 18:00:00,0.0,0.0,21.1,66.0,0.258,
2026-02-10 19:00:00,0.0,0.0,19.4,74.0,0.26,
2026-02-10 20:00:00,0.0,0.0,18.5,76.0,0.262,
2026-02-10 21:00:00,0.0,0.0,17.7,78.0,0.263,
2026-02-10 22:00:00,0.0,0.0,17.0,80.0,0.263,
2026-02-10 23:00:00,0.0,0.0,15.3,89.0,0.265,
2026-02-11 00:00:00,0.0,0.0,14.7,90.0,0.265,
2026-02-11 01:00:00,0.0,0.0,14.1,92.0,0.266,
2026-02-11 02:00:00,0.0,0.0,14.0,93.0,0.267,
2026-02-11 03:00:00,0.0,0.0,14.0,93.0,0.267,
2026-02-11 04:00:00,0.0,0.0,13.6,93.0,0.268,
2026-02-11 05:00:00,0.0,0.0,14.1,91.0,0.261,
2026-02-11 06:00:00,0.0,0.0,13.9,88.0,0.262,
2026-02-11 07:00:00,0.0,0.0,13.8,85.0,0.262,
2026-02-11 08:00:00,0.0,0.0,15.1,82.0,0.263,
2026-02-11 09:00:00,0.0,0.0,18.9,68.0,0.261,
2026-02-11 10:00:00,0.0,0.0,22.1,55.0,0.259,
2026-02-11 11:00:00,0.0,0.0,24.5,42.0,0.257,
2026-02-11 12:00:00,0.0,0.0,25.8,36.0,0.255,
2026-02-11 13:00:00,0.0,0.0,26.5,34.0,0.252,
2026-02-11 14:00:00,0.0,0.0,26.7,34.0,0.251,
2026-02-11 15:00:00,0.0,0.0,26.6,34.0,0.251,
2026-02-11 16:00:00,0.0,0.0,25.8,36.0,0.251,
2026-02-11 17:00:00,0.0,0.0,24.7,40.0,0.252,
2026-02-11 18:00:00,0.0,0.0,21.8,51.0,0.254,
2026-02-11 19:00:00,0.0,0.0,19.8,61.0,0.255,
2026-02-11 20:00:00,0.0,0.0,18.3,67.0,0.256,
2026-02-11 21:00:00,0.0,0.0,17.2,71.0,0.257,
2026-02-11 22:00:00,0.0,0.0,16.1,74.0,0.258,
2026-02-11 23:00:00,0.0,0.0,15.7,77.0,0.259,
2026-02-12 00:00:00,0.0,0.0,14.8,80.0,0.26,
2026-02-12 01:00:00,0.0,0.0,14.0,83.0,0.261,
2026-02-12 02:00:00,0.0,0.0,13.2,87.0,0.261,
2026-02-12 03:00:00,0.0,0.0,12.5,89.0,0.262,
2026-02-12 04:00:00,0.0,0.0,11.9,91.0,0.262,
2026-02-12 05:00:00,0.0,0.0,11.8,92.0,0.262,
2026-02-12 06:00:00,0.0,0.0,11.3,92.0,0.262,
2026-02-12 07:00:00,0.0,0.0,11.1,92.0,0.263,
2026-02-12 08:00:00,0.0,0.0,13.4,83.0,0.263,
2026-02-12 09:00:00,0.0,0.0,16.7,70.0,0.261,
2026-02-12 10:00:00,0.0,0.0,19.6,61.0,0.26,
2026-02-12 11:00:00,0.0,0.0,22.1,50.0,0.258,
2026-02-12 12:00:00,0.0,0.0,23.9,41.0,0.255,
2026-02-12 13:00:00,0.0,0.0,24.9,33.0,0.253,
2026-02-12 14:00:00,0.0,0.0,25.1,31.0,0.251,
2026-02-12 15:00:00,0.0,0.0,25.0,31.0,0.251,
2026-02-12 16:00:00,0.0,0.0,24.4,32.0,0.251,
2026-02-12 17:00:00,0.0,0.0,22.8,36.0,0.251,
2026-02-12 18:00:00,0.0,0.0,20.4,46.0,0.253,
2026-02-12 19:00:00,0.0,0.0,18.7,55.0,0.255,
2026-02-12 20:00:00,0.0,0.0,17.6,60.0,0.256,
2026-02-12 21:00:00,0.0,0.0,16.7,64.0,0.257,
2026-02-12 22:00:00,0.0,0.0,15.8,68.0,0.258,
2026-02-12 23:00:00,0.0,0.0,14.6,79.0,0.26,
2026-02-13 00:00:00,0.0,0.0,13.7,82.0,0.26,
2026-02-13 01:00:00,0.0,0.0,13.2,84.0,0.261,
2026-02-13 02:00:00,0.0,0.0,12.7,85.0,0.262,
2026-02-13 03:00:00,0.0,0.0,12.3,85.0,0.262,
2026-02-13 04:00:00,0.0,0.0,11.9,85.0,0.263,
2026-02-13 05:00:00,0.0,0.0,12.1,86.0,0.263,
2026-02-13 06:00:00,0.0,0.0,11.7,87.0,0.264,
2026-02-13 07:00:00,0.0,0.0,11.4,88.0,0.264,
2026-02-13 08:00:00,0.0,0.0,12.9,86.0,0.264,
2026-02-13 09:00:00,0.0,0.0,16.2,73.0,0.263,
2026-02-13 10:00:00,0.0,0.0,19.0,62.0,0.262,
2026-02-13 11:00:00,0.0,0.0,21.5,50.0,0.26,
2026-02-13 12:00:00,0.0,0.0,22.9,44.0,0.258,
2026-02-13 13:00:00,0.0,0.0,23.9,38.0,0.256,
2026-02-13 14:00:00,0.0,0.0,24.3,36.0,0.254,
2026-02-13 15:00:00,0.0,0.0,24.1,37.0,0.254,
2026-02-13 16:00:00,0.0,0.0,23.7,38.0,0.254,
2026-02-13 17:00:00,0.0,0.0,23.5,38.0,0.253,
2026-02-13 18:00:00,0.0,0.0,21.5,46.0,0.254,
2026-02-13 19:00:00,0.0,0.0,20.2,51.0,0.256,
2026-02-13 20:00:00,0.0,0.0,19.2,52.0,0.257,
2026-02-13 21:00:00,0.0,0.0,18.2,55.0,0.257,
2026-02-13 22:00:00,0.0,0.0,17.2,58.0,0.258,
2026-02-13 23:00:00,0.0,0.0,14.8,79.0,0.26,
2026-02-14 00:00:00,0.0,0.0,14.1,81.0,0.261,
2026-02-14 01:00:00,0.0,0.0,13.4,84.0,0.261,
2026-02-14 02:00:00,0.0,0.0,13.0,86.0,0.262,
2026-02-14 03:00:00,0.0,0.0,12.8,87.0,0.262,
2026-02-14 04:00:00,0.0,0.0,12.6,87.0,0.263,
2026-02-14 05:00:00,0.0,0.0,12.4,90.0,0.257,
2026-02-14 06:00:00,0.0,0.0,12.0,91.0,0.258,
2026-02-14 07:00:00,0.0,0.0,12.1,91.0,0.259,
2026-02-14 08:00:00,0.0,0.0,13.4,90.0,0.26,
2026-02-14 09:00:00,0.0,0.0,16.6,77.0,0.259,
2026-02-14 10:00:00,0.0,0.0,20.1,61.0,0.257,
2026-02-14 11:00:00,0.0,0.0,22.7,47.0,0.255,
2026-02-14 12:00:00,0.0,0.0,24.3,42.0,0.252,
2026-02-14 13:00:00,0.0,0.0,25.3,36.0,0.25,
2026-02-14 14:00:00,0.0,0.0,25.9,34.0,0.249,
2026-02-14 15:00:00,0.0,0.0,25.9,35.0,0.248,
2026-02-14 16:00:00,0.0,0.0,25.4,36.0,0.249,
2026-02-14 17:00:00,0.0,0.0,24.6,38.0,0.249,
2026-02-14 18:00:00,0.0,0.0,22.2,49.0,0.25,
2026-02-14 19:00:00,0.0,0.0,20.9,54.0,0.252,
2026-02-14 20:00:00,0.0,0.0,20.0,56.0,0.253,
2026-02-14 21:00:00,0.0,0.0,19.1,58.0,0.254,
2026-02-14 22:00:00,0.0,0.0,18.4,60.0,0.255,
2026-02-14 23:00:00,0.0,0.0,17.5,70.0,0.257,
2026-02-15 00:00:00,0.0,0.0,17.0,71.0,0.258,
2026-02-15 01:00:00,0.0,0.0,16.8,72.0,0.258,
2026-02-15 02:00:00,0.0,0.0,15.6,78.0,0.259,
2026-02-15 03:00:00,0.0,0.0,14.6,82.0,0.259,
2026-02-15 04:00:00,0.0,0.0,13.7,86.0,0.26,
2026-02-15 05:00:00,0.0,0.0,13.3,88.0,0.257,
2026-02-15 06:00:00,0.0,0.0,12.9,89.0,0.258,
2026-02-15 07:00:00,0.0,0.0,12.7,90.0,0.258,
2026-02-15 08:00:00,0.0,0.0,14.9,83.0,0.258,
2026-02-15 09:00:00,0.0,0.0,18.7,68.0,0.257,
2026-02-15 10:00:00,0.0,0.0,21.8,58.0,0.256,
2026-02-15 11:00:00,0.0,0.0,24.9,46.0,0.254,
2026-02-15 12:00:00,0.0,0.0,26.5,40.0,0.251,
2026-02-15 13:00:00,0.0,0.0,27.6,35.0,0.249,
2026-02-15 14:00:00,0.0,0.0,28.0,32.0,0.248,
2026-02-15 15:00:00,0.0,0.0,27.9,31.0,0.247,
2026-02-15 16:00:00,0.0,0.0,27.4,32.0,0.248,
2026-02-15 17:00:00,0.0,0.0,26.4,36.0,0.249,
2026-02-15 18:00:00,0.0,0.0,24.0,45.0,0.251,
2026-02-15 19:00:00,0.0,0.0,22.5,51.0,0.253,
2026-02-15 20:00:00,0.0,0.0,21.4,53.0,0.254,
2026-02-15 21:00:00,0.0,0.0,20.3,57.0,0.255,
2026-02-15 22:00:00,0.0,0.0,19.2,61.0,0.256,
2026-02-15 23:00:00,0.0,0.0,17.5,80.0,0.258,
2026-02-16 00:00:00,0.0,0.0,16.8,83.0,0.259,
2026-02-16 01:00:00,0.0,0.0,16.1,87.0,0.26,
2026-02-16 02:00:00,0.0,0.0,15.5,90.0,0.261,
2026-02-16 03:00:00,0.0,0.0,14.8,92.0,0.261,
2026-02-16 04:00:00,0.0,0.0,14.1,95.0,0.262,
2026-02-16 05:00:00,0.0,0.0,13.6,100.0,0.258,
2026-02-16 06:00:00,0.0,0.0,13.5,99.0,0.259,
2026-02-16 07:00:00,0.0,0.0,12.8,99.0,0.26,
2026-02-16 08:00:00,0.0,0.0,14.3,97.0,0.26,
2026-02-16 09:00:00,0.0,0.0,18.6,81.0,0.26,
2026-02-16 10:00:00,0.0,0.0,22.4,66.0,0.259,
2026-02-16 11:00:00,0.0,0.0,25.8,43.0,0.257,
2026-02-16 12:00:00,0.0,0.0,27.5,34.0,0.256,
2026-02-16 13:00:00,0.0,0.0,28.5,32.0,0.254,
2026-02-16 14:00:00,0.0,0.0,28.6,33.0,0.254,
2026-02-16 15:00:00,0.0,0.0,28.2,36.0,0.253,
2026-02-16 16:00:00,0.0,0.0,27.5,37.0,0.254,
2026-02-16 17:00:00,0.0,0.0,26.0,41.0,0.255,
2026-02-16 18:00:00,0.0,0.0,23.4,51.0,0.256,
2026-02-16 19:00:00,0.0,0.0,21.5,56.0,0.257,
2026-02-16 20:00:00,0.0,0.0,20.0,60.0,0.258,
2026-02-16 21:00:00,0.0,0.0,19.4,62.0,0.259,
2026-02-16 22:00:00,0.0,0.0,18.7,62.0,0.26,
2026-02-16 23:00:00,0.0,0.0,18.4,69.0,0.261,
2026-02-17 00:00:00,0.0,0.0,17.4,72.0,0.261,
2026-02-17 01:00:00,0.0,0.0,16.9,76.0,0.262,
2026-02-17 02:00:00,0.0,0.0,15.5,83.0,0.262,
2026-02-17 03:00:00,0.0,0.0,15.2,85.0,0.263,
2026-02-17 04:00:00,0.0,0.0,14.9,85.0,0.263,
2026-02-17 05:00:00,0.0,0.0,14.6,86.0,0.258,
2026-02-17 06:00:00,0.0,0.0,14.5,86.0,0.258,
2026-02-17 07:00:00,0.0,0.0,14.5,86.0,0.259,
2026-02-17 08:00:00,0.0,0.0,16.1,80.0,0.259,
2026-02-17 09:00:00,0.0,0.0,18.6,71.0,0.259,
2026-02-17 10:00:00,0.0,0.0,21.1,63.0,0.258,
2026-02-17 11:00:00,0.0,0.0,24.7,49.0,0.257,
2026-02-17 12:00:00,0.0,0.0,26.5,46.0,0.256,
2026-02-17 13:00:00,0.0,0.0,28.0,41.0,0.254,
2026-02-17 14:00:00,0.0,0.0,28.7,39.0,0.254,
2026-02-17 15:00:00,0.0,0.0,28.8,39.0,0.253,
2026-02-17 16:00:00,0.0,0.0,28.3,39.0,0.254,
2026-02-17 17:00:00,0.0,0.0,26.7,43.0,0.256,
2026-02-17 18:00:00,0.0,0.0,24.3,55.0,0.257,
2026-02-17 19:00:00,0.0,0.0,22.7,62.0,0.258,
2026-02-17 20:00:00,0.0,0.0,21.5,67.0,0.259,
2026-02-17 21:00:00,0.0,0.0,20.3,70.0,0.259,
2026-02-17 22:00:00,0.0,0.0,19.5,72.0,0.26,
2026-02-17 23:00:00,0.0,0.0,18.8,79.0,0.261,
2026-02-18 00:00:00,0.0,0.0,18.1,80.0,0.262,
2026-02-18 01:00:00,0.0,0.0,17.2,85.0,0.262,
2026-02-18 02:00:00,0.0,0.0,16.7,87.0,0.263,
2026-02-18 03:00:00,0.0,0.0,16.7,87.0,0.263,
2026-02-18 04:00:00,0.0,0.0,16.9,87.0,0.264,
2026-02-18 05:00:00,0.0,0.0,16.5,86.0,0.258,
2026-02-18 06:00:00,0.0,0.0,16.7,86.0,0.258,
2026-02-18 07:00:00,0.0,0.0,16.7,83.0,0.258,
2026-02-18 08:00:00,0.2,0.0,17.3,81.0,0.263,
2026-02-18 09:00:00,0.7,0.0,17.5,79.0,0.273,
2026-02-18 10:00:00,0.5,0.0,18.5,76.0,0.268,
2026-02-18 11:00:00,0.1,0.0,20.6,67.0,0.262,
2026-02-18 12:00:00,0.0,0.0,21.8,62.0,0.261,
2026-02-18 13:00:00,0.0,0.0,23.0,59.0,0.259,
2026-02-18 14:00:00,0.0,0.0,23.4,57.0,0.259,
2026-02-18 15:00:00,0.0,0.0,23.3,57.0,0.259,
2026-02-18 16:00:00,0.0,0.0,22.9,59.0,0.259,
2026-02-18 17:00:00,0.0,0.0,20.7,74.0,0.261,
2026-02-18 18:00:00,0.0,0.0,19.4,83.0,0.262,
2026-02-18 19:00:00,0.0,0.0,18.3,89.0,0.262,
2026-02-18 20:00:00,0.0,0.0,17.5,92.0,0.263,
2026-02-18 21:00:00,0.0,0.0,16.8,95.0,0.263,
2026-02-18 22:00:00,0.0,0.0,15.9,99.0,0.263,
2026-02-18 23:00:00,0.0,0.0,16.5,94.0,0.264,
2026-02-19 00:00:00,0.0,0.0,15.5,98.0,0.264,
2026-02-19 01:00:00,0.0,0.0,15.1,98.0,0.265,
2026-02-19 02:00:00,0.0,0.0,15.1,95.0,0.265,
2026-02-19 03:00:00,0.0,0.0,15.0,94.0,0.265,
2026-02-19 04:00:00,0.0,0.0,14.7,93.0,0.265,
2026-02-19 05:00:00,0.0,0.0,14.6,96.0,0.265,
2026-02-19 06:00:00,0.0,0.0,14.4,97.0,0.265,
2026-02-19 07:00:00,0.0,0.0,14.5,96.0,0.266,
2026-02-19 08:00:00,0.0,0.0,15.8,91.0,0.266,
2026-02-19 09:00:00,0.0,0.0,17.9,80.0,0.265,
2026-02-19 10:00:00,0.0,0.0,20.2,69.0,0.265,
2026-02-19 11:00:00,0.0,0.0,22.5,49.0,0.264,
2026-02-19 12:00:00,0.0,0.0,24.0,44.0,0.264,
2026-02-19 13:00:00,0.0,0.0,25.0,43.0,0.263,
2026-02-19 14:00:00,0.0,0.0,25.7,40.0,0.263,
2026-02-19 15:00:00,0.0,0.0,25.9,39.0,0.263,
2026-02-19 16:00:00,0.0,0.0,25.6,40.0,0.264,
2026-02-19 17:00:00,0.0,0.0,25.7,42.0,0.264,
2026-02-19 18:00:00,0.0,0.0,24.3,51.0,0.265,
2026-02-19 19:00:00,0.0,0.0,22.4,60.0,0.266,
2026-02-19 20:00:00,0.0,0.0,20.6,71.0,0.266,
2026-02-19 21:00:00,0.0,0.0,19.9,76.0,0.267,
2026-02-19 22:00:00,0.0,0.0,19.7,76.0,0.267,
2026-02-19 23:00:00,0.0,0.0,18.7,83.0,0.268,
2026-02-20 00:00:00,0.0,0.0,18.2,84.0,0.268,
2026-02-20 01:00:00,0.0,0.0,17.8,85.0,0.268,
2026-02-20 02:00:00,0.0,0.0,17.3,86.0,0.268,
2026-02-20 03:00:00,0.0,0.0,16.9,86.0,0.269,
2026-02-20 04:00:00,0.0,0.0,16.6,86.0,0.269,
2026-02-20 05:00:00,0.0,0.0,15.9,88.0,0.263,
2026-02-20 06:00:00,0.0,0.0,15.7,88.0,0.264,
2026-02-20 07:00:00,0.0,0.0,15.6,88.0,0.265,
2026-02-20 08:00:00,0.0,0.0,16.8,87.0,0.266,
2026-02-20 09:00:00,0.0,0.0,19.3,77.0,0.266,
2026-02-20 10:00:00,0.0,0.0,21.7,69.0,0.266,
2026-02-20 11:00:00,0.0,0.0,24.0,55.0,0.265,
2026-02-20 12:00:00,0.0,0.0,25.5,46.0,0.265,
2026-02-20 13:00:00,0.0,0.0,26.6,43.0,0.264,
2026-02-20 14:00:00,0.0,0.0,27.2,40.0,0.264,
2026-02-20 15:00:00,0.0,0.0,27.2,39.0,0.264,
2026-02-20 16:00:00,0.0,0.0,26.7,41.0,0.264,
2026-02-20 17:00:00,0.0,0.0,26.3,44.0,0.265,
2026-02-20 18:00:00,0.0,0.0,24.1,54.0,0.266,
2026-02-20 19:00:00,0.0,0.0,22.3,62.0,0.266,
2026-02-20 20:00:00,0.0,0.0,21.1,68.0,0.267,
2026-02-20 21:00:00,0.0,0.0,20.3,72.0,0.267,
2026-02-20 22:00:00,0.0,0.0,19.4,75.0,0.268,
2026-02-20 23:00:00,0.0,0.0,19.0,80.0,0.268,
2026-02-21 00:00:00,0.0,0.0,18.1,82.0,0.269,
2026-02-21 01:00:00,0.0,0.0,17.5,84.0,0.269,
2026-02-21 02:00:00,0.0,0.0,16.9,85.0,0.269,
2026-02-21 03:00:00,0.0,0.0,16.3,86.0,0.27,
2026-02-21 04:00:00,0.0,0.0,15.8,87.0,0.27,
2026-02-21 05:00:00,0.0,0.0,15.7,88.0,0.266,
2026-02-21 06:00:00,0.0,0.0,15.5,89.0,0.267,
2026-02-21 07:00:00,0.0,0.0,15.5,89.0,0.268,
2026-02-21 08:00:00,0.0,0.0,17.3,83.0,0.268,
2026-02-21 09:00:00,0.0,0.0,20.1,72.0,0.268,
2026-02-21 10:00:00,0.0,0.0,22.6,64.0,0.268,
2026-02-21 11:00:00,0.0,0.0,24.1,56.0,0.267,
2026-02-21 12:00:00,0.0,0.0,25.5,50.0,0.266,
2026-02-21 13:00:00,0.0,0.0,26.3,45.0,0.265,
2026-02-21 14:00:00,0.0,0.0,26.7,42.0,0.265,
2026-02-21 15:00:00,0.0,0.0,26.7,43.0,0.265,
2026-02-21 16:00:00,0.0,0.0,26.4,43.0,0.265,
2026-02-21 17:00:00,0.0,0.0,25.7,44.0,0.264,
2026-02-21 18:00:00,0.0,0.0,23.9,53.0,0.265,
2026-02-21 19:00:00,0.0,0.0,22.3,59.0,0.266,
2026-02-21 20:00:00,0.0,0.0,21.4,64.0,0.266,
2026-02-21 21:00:00,0.0,0.0,20.6,66.0,0.267,
2026-02-21 22:00:00,0.0,0.0,19.9,69.0,0.267,
2026-02-21 23:00:00,0.0,0.0,18.9,80.0,0.269,
2026-02-22 00:00:00,0.0,0.0,18.2,82.0,0.269,
2026-02-22 01:00:00,0.0,0.0,17.7,84.0,0.27,
2026-02-22 02:00:00,0.0,0.0,17.3,84.0,0.27,
2026-02-22 03:00:00,0.0,0.0,17.0,85.0,0.27,
2026-02-22 04:00:00,0.0,0.0,16.6,85.0,0.271,
2026-02-22 05:00:00,0.0,0.0,15.6,90.0,0.272,
2026-02-22 06:00:00,0.0,0.0,15.1,91.0,0.272,
2026-02-22 07:00:00,0.0,0.0,14.8,93.0,0.273,
2026-02-22 08:00:00,0.0,0.0,16.4,90.0,0.273,
2026-02-22 09:00:00,0.0,0.0,19.8,76.0,0.272,
2026-02-22 10:00:00,0.0,0.0,22.6,66.0,0.271,
2026-02-22 11:00:00,0.0,0.0,25.5,47.0,0.27,
2026-02-22 12:00:00,0.0,0.0,26.7,43.0,0.268,
2026-02-22 13:00:00,0.0,0.0,27.5,39.0,0.267,
2026-02-22 14:00:00,0.0,0.0,27.8,38.0,0.267,
2026-02-22 15:00:00,0.0,0.0,28.0,37.0,0.266,
2026-02-22 16:00:00,0.0,0.0,27.6,36.0,0.267,
2026-02-22 17:00:00,0.0,0.0,27.0,34.0,0.264,
2026-02-22 18:00:00,0.0,0.0,24.9,45.0,0.265,
2026-02-22 19:00:00,0.0,0.0,23.1,51.0,0.266,
2026-02-22 20:00:00,0.0,0.0,21.8,56.0,0.267,
2026-02-22 21:00:00,0.0,0.0,21.1,58.0,0.267,
2026-02-22 22:00:00,0.0,0.0,20.2,62.0,0.268,
2026-02-22 23:00:00,0.0,0.0,18.5,77.0,0.27,
2026-02-23 00:00:00,0.0,0.0,17.9,78.0,0.27,
2026-02-23 01:00:00,0.0,0.0,17.2,81.0,0.271,
2026-02-23 02:00:00,0.0,0.0,16.7,84.0,0.271,
2026-02-23 03:00:00,0.0,0.0,16.0,87.0,0.272,
2026-02-23 04:00:00,0.0,0.0,15.2,89.0,0.272,
2026-02-23 05:00:00,0.0,0.0,14.4,91.0,0.266,
2026-02-23 06:00:00,0.0,0.0,14.3,90.0,0.267,
2026-02-23 07:00:00,0.0,0.0,14.3,90.0,0.268,
2026-02-23 08:00:00,0.0,0.0,16.3,85.0,0.269,
2026-02-23 09:00:00,0.0,0.0,20.6,70.0,0.268,
2026-02-23 10:00:00,0.0,0.0,23.7,57.0,0.267,
2026-02-23 11:00:00,0.0,0.0,26.0,45.0,0.266,
2026-02-23 12:00:00,0.0,0.0,27.2,41.0,0.265,
2026-02-23 13:00:00,0.0,0.0,28.1,38.0,0.264,
2026-02-23 14:00:00,0.0,0.0,28.5,35.0,0.263,
2026-02-23 15:00:00,0.0,0.0,28.4,33.0,0.263,
2026-02-23 16:00:00,0.0,0.0,27.8,35.0,0.263,
2026-02-23 17:00:00,0.0,0.0,27.3,37.0,0.265,
2026-02-23 18:00:00,0.0,0.0,24.6,50.0,0.266,
2026-02-23 19:00:00,0.0,0.0,22.4,61.0,0.267,
2026-02-23 20:00:00,0.0,0.0,21.4,64.0,0.268,
2026-02-23 21:00:00,0.0,0.0,20.7,65.0,0.268,
2026-02-23 22:00:00,0.0,0.0,20.0,67.0,0.269,
2026-02-23 23:00:00,0.0,0.0,19.1,70.0,0.269,
2026-02-24 00:00:00,0.0,0.0,18.4,73.0,0.27,
2026-02-24 01:00:00,0.0,0.0,17.9,75.0,0.27,
2026-02-24 02:00:00,0.0,0.0,17.2,79.0,0.271,
2026-02-24 03:00:00,0.0,0.0,16.9,80.0,0.271,
2026-02-24 04:00:00,0.0,0.0,16.5,80.0,0.271,
2026-02-24 05:00:00,0.0,0.0,16.0,82.0,0.272,
2026-02-24 06:00:00,0.0,0.0,15.2,85.0,0.272,
2026-02-24 07:00:00,0.0,0.0,14.6,89.0,0.272,
2026-02-24 08:00:00,0.0,0.0,16.0,87.0,0.272,
2026-02-24 09:00:00,0.0,0.0,20.5,67.0,0.271,
2026-02-24 10:00:00,0.0,0.0,23.7,57.0,0.27,
2026-02-24 11:00:00,0.0,0.0,26.1,45.0,0.269,
2026-02-24 12:00:00,0.0,0.0,27.5,40.0,0.268,
2026-02-24 13:00:00,0.0,0.0,28.5,34.0,0.267,
2026-02-24 14:00:00,0.0,0.0,29.0,31.0,0.266,
2026-02-24 15:00:00,0.0,0.0,28.9,29.0,0.266,
2026-02-24 16:00:00,0.0,0.0,28.4,27.0,0.266,
2026-02-24 17:00:00,0.0,0.0,27.0,29.0,0.267,
2026-02-24 18:00:00,0.0,0.0,24.2,40.0,0.268,
2026-02-24 19:00:00,0.0,0.0,22.5,48.0,0.269,
2026-02-24 20:00:00,0.0,0.0,21.7,52.0,0.27,
2026-02-24 21:00:00,0.0,0.0,21.0,52.0,0.27,
2026-02-24 22:00:00,0.0,0.0,20.1,56.0,0.271,
2026-02-24 23:00:00,0.0,0.0,19.3,60.0,0.271,
2026-02-25 00:00:00,0.0,0.0,18.5,64.0,0.272,
2026-02-25 01:00:00,0.0,0.0,17.9,66.0,0.272,
2026-02-25 02:00:00,0.0,0.0,17.7,65.0,0.273,
2026-02-25 03:00:00,0.0,0.0,17.4,64.0,0.273,
2026-02-25 04:00:00,0.0,0.0,16.9,63.0,0.273,
2026-02-25 05:00:00,0.0,0.0,16.4,64.0,0.274,
2026-02-25 06:00:00,0.0,0.0,16.2,65.0,0.274,
2026-02-25 07:00:00,0.0,0.0,16.0,66.0,0.274,
2026-02-25 08:00:00,0.0,0.0,17.3,66.0,0.274,
2026-02-25 09:00:00,0.0,0.0,20.5,55.0,0.273,
2026-02-25 10:00:00,0.0,0.0,23.6,47.0,0.272,
2026-02-25 11:00:00,0.0,0.0,26.1,38.0,0.271,
2026-02-25 12:00:00,0.0,0.0,27.5,33.0,0.27,
2026-02-25 13:00:00,0.0,0.0,28.4,29.0,0.268,
2026-02-25 14:00:00,0.0,0.0,28.7,27.0,0.268,
2026-02-25 15:00:00,0.0,0.0,28.6,27.0,0.268,
2026-02-25 16:00:00,0.0,0.0,28.1,27.0,0.268,
2026-02-25 17:00:00,0.0,0.0,26.8,30.0,0.269,
2026-02-25 18:00:00,0.0,0.0,24.1,41.0,0.27,
2026-02-25 19:00:00,0.0,0.0,22.1,50.0,0.271,
2026-02-25 20:00:00,0.0,0.0,21.3,53.0,0.272,
2026-02-25 21:00:00,0.0,0.0,20.5,56.0,0.272,
2026-02-25 22:00:00,0.0,0.0,19.5,59.0,0.273,
2026-02-25 23:00:00,0.0,0.0,18.8,63.0,0.273,
2026-02-26 00:00:00,0.0,0.0,17.4,71.0,0.274,
2026-02-26 01:00:00,0.0,0.0,16.6,75.0,0.274,
2026-02-26 02:00:00,0.0,0.0,16.0,77.0,0.274,
2026-02-26 03:00:00,0.0,0.0,15.3,79.0,0.275,
2026-02-26 04:00:00,0.0,0.0,14.6,81.0,0.275,
2026-02-26 05:00:00,0.0,0.0,14.2,81.0,0.275,
2026-02-26 06:00:00,0.0,0.0,13.8,81.0,0.276,
2026-02-26 07:00:00,0.0,0.0,14.0,80.0,0.276,
2026-02-26 08:00:00,0.0,0.0,17.0,71.0,0.276,
2026-02-26 09:00:00,0.0,0.0,20.9,56.0,0.275,
2026-02-26 10:00:00,0.0,0.0,24.0,48.0,0.274,
2026-02-26 11:00:00,0.0,0.0,26.2,43.0,0.273,
2026-02-26 12:00:00,0.0,0.0,27.6,39.0,0.272,
2026-02-26 13:00:00,0.0,0.0,28.4,34.0,0.271,
2026-02-26 14:00:00,0.0,0.0,28.9,31.0,0.27,
2026-02-26 15:00:00,0.0,0.0,28.9,28.0,0.27,
2026-02-26 16:00:00,0.0,0.0,28.4,30.0,0.27,
2026-02-26 17:00:00,0.0,0.0,27.3,32.0,0.271,
2026-02-26 18:00:00,0.0,0.0,24.9,40.0,0.272,
2026-02-26 19:00:00,0.0,0.0,22.7,48.0,0.273,
2026-02-26 20:00:00,0.0,0.0,21.1,54.0,0.273,
2026-02-26 21:00:00,0.0,0.0,20.1,57.0,0.274,
2026-02-26 22:00:00,0.0,0.0,19.4,59.0,0.274,
2026-02-26 23:00:00,0.0,0.0,18.6,61.0,0.275,
2026-02-27 00:00:00,0.0,0.0,17.9,63.0,0.275,
2026-02-27 01:00:00,0.0,0.0,17.3,65.0,0.276,
2026-02-27 02:00:00,0.0,0.0,16.7,67.0,0.276,
2026-02-27 03:00:00,0.0,0.0,16.0,70.0,0.276,
2026-02-27 04:00:00,0.0,0.0,15.2,73.0,0.277,
2026-02-27 05:00:00,0.0,0.0,14.9,74.0,0.277,
2026-02-27 06:00:00,0.0,0.0,15.0,74.0,0.278,
2026-02-27 07:00:00,0.0,0.0,15.6,73.0,0.278,
2026-02-27 08:00:00,0.0,0.0,17.1,69.0,0.278,
2026-02-27 09:00:00,0.0,0.0,20.2,59.0,0.277,
2026-02-27 10:00:00,0.0,0.0,24.2,45.0,0.275,
2026-02-27 11:00:00,0.0,0.0,27.3,34.0,0.274,
2026-02-27 12:00:00,0.0,0.0,28.9,29.0,0.273,
2026-02-27 13:00:00,0.0,0.0,29.6,28.0,0.272,
2026-02-27 14:00:00,0.0,0.0,29.9,27.0,0.271,
2026-02-27 15:00:00,0.0,0.0,29.8,26.0,0.271,
2026-02-27 16:00:00,0.0,0.0,29.2,27.0,0.271,
2026-02-27 17:00:00,0.0,0.0,28.3,29.0,0.272,
2026-02-27 18:00:00,0.0,0.0,26.9,34.0,0.273,
2026-02-27 19:00:00,0.0,0.0,25.0,40.0,0.274,
2026-02-27 20:00:00,0.0,0.0,23.4,45.0,0.275,
2026-02-27 21:00:00,0.0,0.0,22.4,47.0,0.276,
2026-02-27 22:00:00,0.0,0.0,21.6,47.0,0.276,
2026-02-27 23:00:00,0.0,0.0,20.8,48.0,0.277,
2026-02-28 00:00:00,0.0,0.0,20.0,49.0,0.277,
2026-02-28 01:00:00,0.0,0.0,19.3,50.0,0.278,
2026-02-28 02:00:00,0.0,0.0,18.6,52.0,0.278,
2026-02-28 03:00:00,0.0,0.0,17.8,55.0,0.278,
2026-02-28 04:00:00,0.0,0.0,17.1,58.0,0.279,
2026-02-28 05:00:00,0.0,0.0,16.7,60.0,0.279,
2026-02-28 06:00:00,0.0,0.0,16.4,62.0,0.28,
2026-02-28 07:00:00,0.0,0.0,16.3,64.0,0.28,
2026-02-28 08:00:00,0.0,0.0,17.4,63.0,0.28,
2026-02-28 09:00:00,0.0,0.0,20.5,56.0,0.279,
2026-02-28 10:00:00,0.0,0.0,24.7,45.0,0.277,
2026-02-28 11:00:00,0.0,0.0,28.1,36.0,0.276,
2026-02-28 12:00:00,0.0,0.0,30.0,31.0,0.275,
2026-02-28 13:00:00,0.0,0.0,31.0,28.0,0.274,
2026-02-28 14:00:00,0.0,0.0,31.4,26.0,0.273,
2026-02-28 15:00:00,0.0,0.0,31.2,26.0,0.273,
2026-02-28 16:00:00,0.0,0.0,30.4,27.0,0.273,
2026-02-28 17:00:00,0.0,0.0,29.3,30.0,0.274,
2026-02-28 18:00:00,0.0,0.0,27.7,36.0,0.275,
2026-02-28 19:00:00,0.0,0.0,25.8,43.0,0.276,
2026-02-28 20:00:00,0.0,0.0,24.2,48.0,0.277,
2026-02-28 21:00:00,0.0,0.0,23.2,50.0,0.278,
2026-02-28 22:00:00,0.0,0.0,22.5,51.0,0.278,
2026-02-28 23:00:00,0.0,0.0,22.0,51.0,0.279,
2026-03-01 00:00:00,0.0,0.0,21.6,51.0,0.279,
2026-03-01 01:00:00,0.0,0.0,21.2,52.0,0.28,
2026-03-01 02:00:00,0.0,0.0,20.7,54.0,0.28,
2026-03-01 03:00:00,0.0,0.0,19.5,61.0,0.28,
2026-03-01 04:00:00,0.0,0.0,18.0,69.0,0.281,
2026-03-01 05:00:00,0.0,0.0,17.2,75.0,0.281,
2026-03-01 06:00:00,0.0,0.0,17.2,76.0,0.281,
2026-03-01 07:00:00,0.0,0.0,17.9,74.0,0.281,
2026-03-01 08:00:00,0.0,0.0,19.4,69.0,0.281,
2026-03-01 09:00:00,0.0,0.0,22.3,59.0,0.28,
2026-03-01 10:00:00,0.0,0.0,26.1,46.0,0.279,
2026-03-01 11:00:00,0.0,0.0,29.0,36.0,0.278,
2026-03-01 12:00:00,0.0,0.0,30.5,31.0,0.277,
2026-03-01 13:00:00,0.0,0.0,31.2,28.0,0.275,
2026-03-01 14:00:00,0.0,0.0,31.4,26.0,0.274,
2026-03-01 15:00:00,0.0,0.0,31.2,25.0,0.274,
2026-03-01 16:00:00,0.0,0.0,30.4,25.0,0.274,
2026-03-01 17:00:00,0.0,0.0,29.2,28.0,0.275,
2026-03-01 18:00:00,0.0,0.0,27.2,35.0,0.276,
2026-03-01 19:00:00,0.0,0.0,24.7,44.0,0.277,
2026-03-01 20:00:00,0.0,0.0,22.6,52.0,0.278,
2026-03-01 21:00:00,0.0,0.0,21.3,56.0,0.279,
2026-03-01 22:00:00,0.0,0.0,20.4,57.0,0.279,
2026-03-01 23:00:00,0.0,0.0,19.6,59.0,0.28,
2026-03-02 00:00:00,0.0,0.0,18.7,61.0,0.28,
2026-03-02 01:00:00,0.0,0.0,17.8,64.0,0.281,
2026-03-02 02:00:00,0.0,0.0,17.1,66.0,0.281,
2026-03-02 03:00:00,0.0,0.0,16.5,68.0,0.281,
2026-03-02 04:00:00,0.0,0.0,15.9,70.0,0.282,
2026-03-02 05:00:00,0.0,0.0,15.8,70.0,0.282,
2026-03-02 06:00:00,0.0,0.0,16.1,69.0,0.282,
2026-03-02 07:00:00,0.0,0.0,16.7,67.0,0.282,
2026-03-02 08:00:00,0.0,0.0,18.1,63.0,0.282,
2026-03-02 09:00:00,0.0,0.0,20.8,55.0,0.281,
2026-03-02 10:00:00,0.0,0.0,24.2,44.0,0.28,
2026-03-02 11:00:00,0.0,0.0,27.0,36.0,0.279,
2026-03-02 12:00:00,0.0,0.0,28.8,31.0,0.278,
2026-03-02 13:00:00,0.0,0.0,30.0,28.0,0.277,
2026-03-02 14:00:00,0.0,0.0,30.7,26.0,0.276,
2026-03-02 15:00:00,0.0,0.0,30.7,25.0,0.276,
2026-03-02 16:00:00,0.0,0.0,30.1,25.0,0.276,
2026-03-02 17:00:00,0.0,0.0,29.0,28.0,0.276,
2026-03-02 18:00:00,0.0,0.0,27.1,34.0,0.277,
2026-03-02 19:00:00,0.0,0.0,24.7,43.0,0.278,
2026-03-02 20:00:00,0.0,0.0,22.6,51.0,0.279,
2026-03-02 21:00:00,0.0,0.0,21.3,57.0,0.279,
2026-03-02 22:00:00,0.0,0.0,20.3,61.0,0.28,
2026-03-02 23:00:00,0.0,0.0,19.4,65.0,0.28,
